path::qualified_name,baseline_sha,baseline_lines,new_lines,disposition,current_responsibility_and_entry,caller_data_effect_or_new_owner,test_treatment,verification_and_unknown
notebooks/oi_chain_backtest_2026_09_03.py::AdmissionConfig.digest,364e0d9abdc5c1f2dcc27aa19c2bb0736b7fffaf,80-81,,RETIRE,离线研究,九个固定样本历史实验退役；OI 四模块转入 notebooks/research，仍可调用,17 项 OI 研究回归；窗口、取消与在途上限,本地相关套件已运行；独立 broker golden 2 项通过；完整 CI 尚待 PR
notebooks/oi_chain_backtest_2026_09_03.py::AdmissionConfig.snapshot,364e0d9abdc5c1f2dcc27aa19c2bb0736b7fffaf,72-77,,RETIRE,离线研究,九个固定样本历史实验退役；OI 四模块转入 notebooks/research，仍可调用,17 项 OI 研究回归；窗口、取消与在途上限,本地相关套件已运行；独立 broker golden 2 项通过；完整 CI 尚待 PR
notebooks/oi_chain_backtest_2026_09_03.py::_HistoricalPolicy.config_digest,364e0d9abdc5c1f2dcc27aa19c2bb0736b7fffaf,119-120,,RETIRE,离线研究,九个固定样本历史实验退役；OI 四模块转入 notebooks/research，仍可调用,17 项 OI 研究回归；窗口、取消与在途上限,本地相关套件已运行；独立 broker golden 2 项通过；完整 CI 尚待 PR
notebooks/oi_chain_backtest_2026_09_03.py::_HistoricalPolicy.config_snapshot,364e0d9abdc5c1f2dcc27aa19c2bb0736b7fffaf,115-116,,RETIRE,离线研究,九个固定样本历史实验退役；OI 四模块转入 notebooks/research，仍可调用,17 项 OI 研究回归；窗口、取消与在途上限,本地相关套件已运行；独立 broker golden 2 项通过；完整 CI 尚待 PR
notebooks/oi_chain_backtest_2026_09_03.py::_HistoricalPolicyConfig.snapshot,364e0d9abdc5c1f2dcc27aa19c2bb0736b7fffaf,99-106,,RETIRE,离线研究,九个固定样本历史实验退役；OI 四模块转入 notebooks/research，仍可调用,17 项 OI 研究回归；窗口、取消与在途上限,本地相关套件已运行；独立 broker golden 2 项通过；完整 CI 尚待 PR
notebooks/oi_chain_backtest_2026_09_03.py::_backtest,364e0d9abdc5c1f2dcc27aa19c2bb0736b7fffaf,1423-1441,,RETIRE,离线研究,九个固定样本历史实验退役；OI 四模块转入 notebooks/research，仍可调用,17 项 OI 研究回归；窗口、取消与在途上限,本地相关套件已运行；独立 broker golden 2 项通过；完整 CI 尚待 PR
notebooks/oi_chain_backtest_2026_09_03.py::_baseline,364e0d9abdc5c1f2dcc27aa19c2bb0736b7fffaf,875-918,,RETIRE,离线研究,九个固定样本历史实验退役；OI 四模块转入 notebooks/research，仍可调用,17 项 OI 研究回归；窗口、取消与在途上限,本地相关套件已运行；独立 broker golden 2 项通过；完整 CI 尚待 PR
notebooks/oi_chain_backtest_2026_09_03.py::_bootstrap_ci,364e0d9abdc5c1f2dcc27aa19c2bb0736b7fffaf,487-490,,RETIRE,离线研究,九个固定样本历史实验退役；OI 四模块转入 notebooks/research，仍可调用,17 项 OI 研究回归；窗口、取消与在途上限,本地相关套件已运行；独立 broker golden 2 项通过；完整 CI 尚待 PR
notebooks/oi_chain_backtest_2026_09_03.py::_bucket,364e0d9abdc5c1f2dcc27aa19c2bb0736b7fffaf,768-772,,RETIRE,离线研究,九个固定样本历史实验退役；OI 四模块转入 notebooks/research，仍可调用,17 项 OI 研究回归；窗口、取消与在途上限,本地相关套件已运行；独立 broker golden 2 项通过；完整 CI 尚待 PR
notebooks/oi_chain_backtest_2026_09_03.py::_cache_dir,364e0d9abdc5c1f2dcc27aa19c2bb0736b7fffaf,324-329,,RETIRE,离线研究,九个固定样本历史实验退役；OI 四模块转入 notebooks/research，仍可调用,17 项 OI 研究回归；窗口、取消与在途上限,本地相关套件已运行；独立 broker golden 2 项通过；完整 CI 尚待 PR
notebooks/oi_chain_backtest_2026_09_03.py::_catalogues,364e0d9abdc5c1f2dcc27aa19c2bb0736b7fffaf,264-279,,RETIRE,离线研究,九个固定样本历史实验退役；OI 四模块转入 notebooks/research，仍可调用,17 项 OI 研究回归；窗口、取消与在途上限,本地相关套件已运行；独立 broker golden 2 项通过；完整 CI 尚待 PR
notebooks/oi_chain_backtest_2026_09_03.py::_count,364e0d9abdc5c1f2dcc27aa19c2bb0736b7fffaf,1235-1239,,RETIRE,离线研究,九个固定样本历史实验退役；OI 四模块转入 notebooks/research，仍可调用,17 项 OI 研究回归；窗口、取消与在途上限,本地相关套件已运行；独立 broker golden 2 项通过；完整 CI 尚待 PR
notebooks/oi_chain_backtest_2026_09_03.py::_describe,364e0d9abdc5c1f2dcc27aa19c2bb0736b7fffaf,468-484,,RETIRE,离线研究,九个固定样本历史实验退役；OI 四模块转入 notebooks/research，仍可调用,17 项 OI 研究回归；窗口、取消与在途上限,本地相关套件已运行；独立 broker golden 2 项通过；完整 CI 尚待 PR
notebooks/oi_chain_backtest_2026_09_03.py::_exchange_info,364e0d9abdc5c1f2dcc27aa19c2bb0736b7fffaf,250-261,,RETIRE,离线研究,九个固定样本历史实验退役；OI 四模块转入 notebooks/research，仍可调用,17 项 OI 研究回归；窗口、取消与在途上限,本地相关套件已运行；独立 broker golden 2 项通过；完整 CI 尚待 PR
notebooks/oi_chain_backtest_2026_09_03.py::_fetch_bars,364e0d9abdc5c1f2dcc27aa19c2bb0736b7fffaf,292-321,,RETIRE,离线研究,九个固定样本历史实验退役；OI 四模块转入 notebooks/research，仍可调用,17 项 OI 研究回归；窗口、取消与在途上限,本地相关套件已运行；独立 broker golden 2 项通过；完整 CI 尚待 PR
notebooks/oi_chain_backtest_2026_09_03.py::_frame_row,364e0d9abdc5c1f2dcc27aa19c2bb0736b7fffaf,1140-1164,,RETIRE,离线研究,九个固定样本历史实验退役；OI 四模块转入 notebooks/research，仍可调用,17 项 OI 研究回归；窗口、取消与在途上限,本地相关套件已运行；独立 broker golden 2 项通过；完整 CI 尚待 PR
notebooks/oi_chain_backtest_2026_09_03.py::_friction,364e0d9abdc5c1f2dcc27aa19c2bb0736b7fffaf,1451-1523,,RETIRE,离线研究,九个固定样本历史实验退役；OI 四模块转入 notebooks/research，仍可调用,17 项 OI 研究回归；窗口、取消与在途上限,本地相关套件已运行；独立 broker golden 2 项通过；完整 CI 尚待 PR
notebooks/oi_chain_backtest_2026_09_03.py::_funnel,364e0d9abdc5c1f2dcc27aa19c2bb0736b7fffaf,1242-1286,,RETIRE,离线研究,九个固定样本历史实验退役；OI 四模块转入 notebooks/research，仍可调用,17 项 OI 研究回归；窗口、取消与在途上限,本地相关套件已运行；独立 broker golden 2 项通过；完整 CI 尚待 PR
notebooks/oi_chain_backtest_2026_09_03.py::_grid,364e0d9abdc5c1f2dcc27aa19c2bb0736b7fffaf,1027-1069,,RETIRE,离线研究,九个固定样本历史实验退役；OI 四模块转入 notebooks/research，仍可调用,17 项 OI 研究回归；窗口、取消与在途上限,本地相关套件已运行；独立 broker golden 2 项通过；完整 CI 尚待 PR
notebooks/oi_chain_backtest_2026_09_03.py::_grouped,364e0d9abdc5c1f2dcc27aa19c2bb0736b7fffaf,1444-1448,,RETIRE,离线研究,九个固定样本历史实验退役；OI 四模块转入 notebooks/research，仍可调用,17 项 OI 研究回归；窗口、取消与在途上限,本地相关套件已运行；独立 broker golden 2 项通过；完整 CI 尚待 PR
notebooks/oi_chain_backtest_2026_09_03.py::_historical_digest,364e0d9abdc5c1f2dcc27aa19c2bb0736b7fffaf,61-63,,RETIRE,离线研究,九个固定样本历史实验退役；OI 四模块转入 notebooks/research，仍可调用,17 项 OI 研究回归；窗口、取消与在途上限,本地相关套件已运行；独立 broker golden 2 项通过；完整 CI 尚待 PR
notebooks/oi_chain_backtest_2026_09_03.py::_load_cache,364e0d9abdc5c1f2dcc27aa19c2bb0736b7fffaf,332-355,,RETIRE,离线研究,九个固定样本历史实验退役；OI 四模块转入 notebooks/research，仍可调用,17 项 OI 研究回归；窗口、取消与在途上限,本地相关套件已运行；独立 broker golden 2 项通过；完整 CI 尚待 PR
notebooks/oi_chain_backtest_2026_09_03.py::_meta,364e0d9abdc5c1f2dcc27aa19c2bb0736b7fffaf,1167-1232,,RETIRE,离线研究,九个固定样本历史实验退役；OI 四模块转入 notebooks/research，仍可调用,17 项 OI 研究回归；窗口、取消与在途上限,本地相关套件已运行；独立 broker golden 2 项通过；完整 CI 尚待 PR
notebooks/oi_chain_backtest_2026_09_03.py::_move_bps,364e0d9abdc5c1f2dcc27aa19c2bb0736b7fffaf,388-391,,RETIRE,离线研究,九个固定样本历史实验退役；OI 四模块转入 notebooks/research，仍可调用,17 项 OI 研究回归；窗口、取消与在途上限,本地相关套件已运行；独立 broker golden 2 项通过；完整 CI 尚待 PR
notebooks/oi_chain_backtest_2026_09_03.py::_outcome,364e0d9abdc5c1f2dcc27aa19c2bb0736b7fffaf,411-444,,RETIRE,离线研究,九个固定样本历史实验退役；OI 四模块转入 notebooks/research，仍可调用,17 项 OI 研究回归；窗口、取消与在途上限,本地相关套件已运行；独立 broker golden 2 项通过；完整 CI 尚待 PR
notebooks/oi_chain_backtest_2026_09_03.py::_permutation_p,364e0d9abdc5c1f2dcc27aa19c2bb0736b7fffaf,921-964,,RETIRE,离线研究,九个固定样本历史实验退役；OI 四模块转入 notebooks/research，仍可调用,17 项 OI 研究回归；窗口、取消与在途上限,本地相关套件已运行；独立 broker golden 2 项通过；完整 CI 尚待 PR
notebooks/oi_chain_backtest_2026_09_03.py::_permutation_stop_p,364e0d9abdc5c1f2dcc27aa19c2bb0736b7fffaf,967-1012,,RETIRE,离线研究,九个固定样本历史实验退役；OI 四模块转入 notebooks/research，仍可调用,17 项 OI 研究回归；窗口、取消与在途上限,本地相关套件已运行；独立 broker golden 2 项通过；完整 CI 尚待 PR
notebooks/oi_chain_backtest_2026_09_03.py::_policy_replay,364e0d9abdc5c1f2dcc27aa19c2bb0736b7fffaf,810-826,,RETIRE,离线研究,九个固定样本历史实验退役；OI 四模块转入 notebooks/research，仍可调用,17 项 OI 研究回归；窗口、取消与在途上限,本地相关套件已运行；独立 broker golden 2 项通过；完整 CI 尚待 PR
notebooks/oi_chain_backtest_2026_09_03.py::_rate,364e0d9abdc5c1f2dcc27aa19c2bb0736b7fffaf,493-497,,RETIRE,离线研究,九个固定样本历史实验退役；OI 四模块转入 notebooks/research，仍可调用,17 项 OI 研究回归；窗口、取消与在途上限,本地相关套件已运行；独立 broker golden 2 项通过；完整 CI 尚待 PR
notebooks/oi_chain_backtest_2026_09_03.py::_read_rows,364e0d9abdc5c1f2dcc27aa19c2bb0736b7fffaf,165-237,,RETIRE,离线研究,九个固定样本历史实验退役；OI 四模块转入 notebooks/research，仍可调用,17 项 OI 研究回归；窗口、取消与在途上限,本地相关套件已运行；独立 broker golden 2 项通过；完整 CI 尚待 PR
notebooks/oi_chain_backtest_2026_09_03.py::_reconcile,364e0d9abdc5c1f2dcc27aa19c2bb0736b7fffaf,1359-1420,,RETIRE,离线研究,九个固定样本历史实验退役；OI 四模块转入 notebooks/research，仍可调用,17 项 OI 研究回归；窗口、取消与在途上限,本地相关套件已运行；独立 broker golden 2 项通过；完整 CI 尚待 PR
notebooks/oi_chain_backtest_2026_09_03.py::_rule_table,364e0d9abdc5c1f2dcc27aa19c2bb0736b7fffaf,505-760,,RETIRE,离线研究,九个固定样本历史实验退役；OI 四模块转入 notebooks/research，仍可调用,17 项 OI 研究回归；窗口、取消与在途上限,本地相关套件已运行；独立 broker golden 2 项通过；完整 CI 尚待 PR
notebooks/oi_chain_backtest_2026_09_03.py::_segment_stats,364e0d9abdc5c1f2dcc27aa19c2bb0736b7fffaf,829-855,,RETIRE,离线研究,九个固定样本历史实验退役；OI 四模块转入 notebooks/research，仍可调用,17 项 OI 研究回归；窗口、取消与在途上限,本地相关套件已运行；独立 broker golden 2 项通过；完整 CI 尚待 PR
notebooks/oi_chain_backtest_2026_09_03.py::_select_close,364e0d9abdc5c1f2dcc27aa19c2bb0736b7fffaf,374-385,,RETIRE,离线研究,九个固定样本历史实验退役；OI 四模块转入 notebooks/research，仍可调用,17 项 OI 研究回归；窗口、取消与在途上限,本地相关套件已运行；独立 broker golden 2 项通过；完整 CI 尚待 PR
notebooks/oi_chain_backtest_2026_09_03.py::_series,364e0d9abdc5c1f2dcc27aa19c2bb0736b7fffaf,358-371,,RETIRE,离线研究,九个固定样本历史实验退役；OI 四模块转入 notebooks/research，仍可调用,17 项 OI 研究回归；窗口、取消与在途上限,本地相关套件已运行；独立 broker golden 2 项通过；完整 CI 尚待 PR
notebooks/oi_chain_backtest_2026_09_03.py::_signal_rows,364e0d9abdc5c1f2dcc27aa19c2bb0736b7fffaf,1289-1356,,RETIRE,离线研究,九个固定样本历史实验退役；OI 四模块转入 notebooks/research，仍可调用,17 项 OI 研究回归；窗口、取消与在途上限,本地相关套件已运行；独立 broker golden 2 项通过；完整 CI 尚待 PR
notebooks/oi_chain_backtest_2026_09_03.py::_stop_bps,364e0d9abdc5c1f2dcc27aa19c2bb0736b7fffaf,1075-1076,,RETIRE,离线研究,九个固定样本历史实验退役；OI 四模块转入 notebooks/research，仍可调用,17 项 OI 研究回归；窗口、取消与在途上限,本地相关套件已运行；独立 broker golden 2 项通过；完整 CI 尚待 PR
notebooks/oi_chain_backtest_2026_09_03.py::_stopped_return,364e0d9abdc5c1f2dcc27aa19c2bb0736b7fffaf,447-459,,RETIRE,离线研究,九个固定样本历史实验退役；OI 四模块转入 notebooks/research，仍可调用,17 项 OI 研究回归；窗口、取消与在途上限,本地相关套件已运行；独立 broker golden 2 项通过；完整 CI 尚待 PR
notebooks/oi_chain_backtest_2026_09_03.py::_valid_entries,364e0d9abdc5c1f2dcc27aa19c2bb0736b7fffaf,863-872,,RETIRE,离线研究,九个固定样本历史实验退役；OI 四模块转入 notebooks/research，仍可调用,17 项 OI 研究回归；窗口、取消与在途上限,本地相关套件已运行；独立 broker golden 2 项通过；完整 CI 尚待 PR
notebooks/oi_chain_backtest_2026_09_03.py::main,364e0d9abdc5c1f2dcc27aa19c2bb0736b7fffaf,1079-1137,,RETIRE,离线研究,九个固定样本历史实验退役；OI 四模块转入 notebooks/research，仍可调用,17 项 OI 研究回归；窗口、取消与在途上限,本地相关套件已运行；独立 broker golden 2 项通过；完整 CI 尚待 PR
notebooks/research/oi_exit_rules_replay_2026_09_07.py::Convention.score,364e0d9abdc5c1f2dcc27aa19c2bb0736b7fffaf,266-269,,RETIRE,离线研究,九个固定样本历史实验退役；OI 四模块转入 notebooks/research，仍可调用,17 项 OI 研究回归；窗口、取消与在途上限,本地相关套件已运行；独立 broker golden 2 项通过；完整 CI 尚待 PR
notebooks/research/oi_exit_rules_replay_2026_09_07.py::_bootstrap_ci,364e0d9abdc5c1f2dcc27aa19c2bb0736b7fffaf,428-431,,RETIRE,离线研究,九个固定样本历史实验退役；OI 四模块转入 notebooks/research，仍可调用,17 项 OI 研究回归；窗口、取消与在途上限,本地相关套件已运行；独立 broker golden 2 项通过；完整 CI 尚待 PR
notebooks/research/oi_exit_rules_replay_2026_09_07.py::_calibration,364e0d9abdc5c1f2dcc27aa19c2bb0736b7fffaf,364-420,,RETIRE,离线研究,九个固定样本历史实验退役；OI 四模块转入 notebooks/research，仍可调用,17 项 OI 研究回归；窗口、取消与在途上限,本地相关套件已运行；独立 broker golden 2 项通过；完整 CI 尚待 PR
notebooks/research/oi_exit_rules_replay_2026_09_07.py::_cell,364e0d9abdc5c1f2dcc27aa19c2bb0736b7fffaf,544-619,,RETIRE,离线研究,九个固定样本历史实验退役；OI 四模块转入 notebooks/research，仍可调用,17 项 OI 研究回归；窗口、取消与在途上限,本地相关套件已运行；独立 broker golden 2 项通过；完整 CI 尚待 PR
notebooks/research/oi_exit_rules_replay_2026_09_07.py::_counts,364e0d9abdc5c1f2dcc27aa19c2bb0736b7fffaf,452-456,,RETIRE,离线研究,九个固定样本历史实验退役；OI 四模块转入 notebooks/research，仍可调用,17 项 OI 研究回归；窗口、取消与在途上限,本地相关套件已运行；独立 broker golden 2 项通过；完整 CI 尚待 PR
notebooks/research/oi_exit_rules_replay_2026_09_07.py::_describe,364e0d9abdc5c1f2dcc27aa19c2bb0736b7fffaf,434-449,,RETIRE,离线研究,九个固定样本历史实验退役；OI 四模块转入 notebooks/research，仍可调用,17 项 OI 研究回归；窗口、取消与在途上限,本地相关套件已运行；独立 broker golden 2 项通过；完整 CI 尚待 PR
notebooks/research/oi_exit_rules_replay_2026_09_07.py::_entry,364e0d9abdc5c1f2dcc27aa19c2bb0736b7fffaf,132-143,,RETIRE,离线研究,九个固定样本历史实验退役；OI 四模块转入 notebooks/research，仍可调用,17 项 OI 研究回归；窗口、取消与在途上限,本地相关套件已运行；独立 broker golden 2 项通过；完整 CI 尚待 PR
notebooks/research/oi_exit_rules_replay_2026_09_07.py::_exit,364e0d9abdc5c1f2dcc27aa19c2bb0736b7fffaf,244-257,,RETIRE,离线研究,九个固定样本历史实验退役；OI 四模块转入 notebooks/research，仍可调用,17 项 OI 研究回归；窗口、取消与在途上限,本地相关套件已运行；独立 broker golden 2 项通过；完整 CI 尚待 PR
notebooks/research/oi_exit_rules_replay_2026_09_07.py::_exit_breakeven,364e0d9abdc5c1f2dcc27aa19c2bb0736b7fffaf,218-241,,RETIRE,离线研究,九个固定样本历史实验退役；OI 四模块转入 notebooks/research，仍可调用,17 项 OI 研究回归；窗口、取消与在途上限,本地相关套件已运行；独立 broker golden 2 项通过；完整 CI 尚待 PR
notebooks/research/oi_exit_rules_replay_2026_09_07.py::_exit_time,364e0d9abdc5c1f2dcc27aa19c2bb0736b7fffaf,199-215,,RETIRE,离线研究,九个固定样本历史实验退役；OI 四模块转入 notebooks/research，仍可调用,17 项 OI 研究回归；窗口、取消与在途上限,本地相关套件已运行；独立 broker golden 2 项通过；完整 CI 尚待 PR
notebooks/research/oi_exit_rules_replay_2026_09_07.py::_forward,364e0d9abdc5c1f2dcc27aa19c2bb0736b7fffaf,146-147,,RETIRE,离线研究,九个固定样本历史实验退役；OI 四模块转入 notebooks/research，仍可调用,17 项 OI 研究回归；窗口、取消与在途上限,本地相关套件已运行；独立 broker golden 2 项通过；完整 CI 尚待 PR
notebooks/research/oi_exit_rules_replay_2026_09_07.py::_load_corpus,364e0d9abdc5c1f2dcc27aa19c2bb0736b7fffaf,296-354,,RETIRE,离线研究,九个固定样本历史实验退役；OI 四模块转入 notebooks/research，仍可调用,17 项 OI 研究回归；窗口、取消与在途上限,本地相关套件已运行；独立 broker golden 2 项通过；完整 CI 尚待 PR
notebooks/research/oi_exit_rules_replay_2026_09_07.py::_move_bps,364e0d9abdc5c1f2dcc27aa19c2bb0736b7fffaf,126-129,,RETIRE,离线研究,九个固定样本历史实验退役；OI 四模块转入 notebooks/research，仍可调用,17 项 OI 研究回归；窗口、取消与在途上限,本地相关套件已运行；独立 broker golden 2 项通过；完整 CI 尚待 PR
notebooks/research/oi_exit_rules_replay_2026_09_07.py::_null,364e0d9abdc5c1f2dcc27aa19c2bb0736b7fffaf,493-536,,RETIRE,离线研究,九个固定样本历史实验退役；OI 四模块转入 notebooks/research，仍可调用,17 项 OI 研究回归；窗口、取消与在途上限,本地相关套件已运行；独立 broker golden 2 项通过；完整 CI 尚待 PR
notebooks/research/oi_exit_rules_replay_2026_09_07.py::_null_table,364e0d9abdc5c1f2dcc27aa19c2bb0736b7fffaf,471-490,,RETIRE,离线研究,九个固定样本历史实验退役；OI 四模块转入 notebooks/research，仍可调用,17 项 OI 研究回归；窗口、取消与在途上限,本地相关套件已运行；独立 broker golden 2 项通过；完整 CI 尚待 PR
notebooks/research/oi_exit_rules_replay_2026_09_07.py::_repo_head,364e0d9abdc5c1f2dcc27aa19c2bb0736b7fffaf,625-635,,RETIRE,离线研究,九个固定样本历史实验退役；OI 四模块转入 notebooks/research，仍可调用,17 项 OI 研究回归；窗口、取消与在途上限,本地相关套件已运行；独立 broker golden 2 项通过；完整 CI 尚待 PR
notebooks/research/oi_exit_rules_replay_2026_09_07.py::_series,364e0d9abdc5c1f2dcc27aa19c2bb0736b7fffaf,110-123,,RETIRE,离线研究,九个固定样本历史实验退役；OI 四模块转入 notebooks/research，仍可调用,17 项 OI 研究回归；窗口、取消与在途上限,本地相关套件已运行；独立 broker golden 2 项通过；完整 CI 尚待 PR
notebooks/research/oi_exit_rules_replay_2026_09_07.py::_sha256,364e0d9abdc5c1f2dcc27aa19c2bb0736b7fffaf,292-293,,RETIRE,离线研究,九个固定样本历史实验退役；OI 四模块转入 notebooks/research，仍可调用,17 项 OI 研究回归；窗口、取消与在途上限,本地相关套件已运行；独立 broker golden 2 项通过；完整 CI 尚待 PR
notebooks/research/oi_exit_rules_replay_2026_09_07.py::_stopped_return,364e0d9abdc5c1f2dcc27aa19c2bb0736b7fffaf,150-162,,RETIRE,离线研究,九个固定样本历史实验退役；OI 四模块转入 notebooks/research，仍可调用,17 项 OI 研究回归；窗口、取消与在途上限,本地相关套件已运行；独立 broker golden 2 项通过；完整 CI 尚待 PR
notebooks/research/oi_exit_rules_replay_2026_09_07.py::_valid_entries,364e0d9abdc5c1f2dcc27aa19c2bb0736b7fffaf,165-174,,RETIRE,离线研究,九个固定样本历史实验退役；OI 四模块转入 notebooks/research，仍可调用,17 项 OI 研究回归；窗口、取消与在途上限,本地相关套件已运行；独立 broker golden 2 项通过；完整 CI 尚待 PR
notebooks/research/oi_exit_rules_replay_2026_09_07.py::main,364e0d9abdc5c1f2dcc27aa19c2bb0736b7fffaf,638-718,,RETIRE,离线研究,九个固定样本历史实验退役；OI 四模块转入 notebooks/research，仍可调用,17 项 OI 研究回归；窗口、取消与在途上限,本地相关套件已运行；独立 broker golden 2 项通过；完整 CI 尚待 PR
notebooks/research/oi_research_cli.py::_pull,364e0d9abdc5c1f2dcc27aa19c2bb0736b7fffaf,112-214,109-222,REPLACE,离线研究,九个固定样本历史实验退役；OI 四模块转入 notebooks/research，仍可调用,17 项 OI 研究回归；窗口、取消与在途上限,本地相关套件已运行；独立 broker golden 2 项通过；完整 CI 尚待 PR
scripts/export_trading_analysis_cohort.py::_read_object_ref,364e0d9abdc5c1f2dcc27aa19c2bb0736b7fffaf,69-77,,RETIRE,历史脚本,七个旧归档、cohort、价格确认与重标注入口整体退役；历史源码由 Git 基线保存,旧专属测试退役；当前 Case/Signal/Watch 回归保留,本地相关套件已运行；独立 broker golden 2 项通过；完整 CI 尚待 PR
scripts/export_trading_analysis_cohort.py::_read_ref,364e0d9abdc5c1f2dcc27aa19c2bb0736b7fffaf,58-66,,RETIRE,历史脚本,七个旧归档、cohort、价格确认与重标注入口整体退役；历史源码由 Git 基线保存,旧专属测试退役；当前 Case/Signal/Watch 回归保留,本地相关套件已运行；独立 broker golden 2 项通过；完整 CI 尚待 PR
scripts/export_trading_analysis_cohort.py::_refused_rule,364e0d9abdc5c1f2dcc27aa19c2bb0736b7fffaf,41-55,,RETIRE,历史脚本,七个旧归档、cohort、价格确认与重标注入口整体退役；历史源码由 Git 基线保存,旧专属测试退役；当前 Case/Signal/Watch 回归保留,本地相关套件已运行；独立 broker golden 2 项通过；完整 CI 尚待 PR
scripts/export_trading_analysis_cohort.py::_rule_receipt_archives_complete,364e0d9abdc5c1f2dcc27aa19c2bb0736b7fffaf,272-334,,RETIRE,历史脚本,七个旧归档、cohort、价格确认与重标注入口整体退役；历史源码由 Git 基线保存,旧专属测试退役；当前 Case/Signal/Watch 回归保留,本地相关套件已运行；独立 broker golden 2 项通过；完整 CI 尚待 PR
scripts/export_trading_analysis_cohort.py::_rule_refusal_archive_complete,364e0d9abdc5c1f2dcc27aa19c2bb0736b7fffaf,337-368,,RETIRE,历史脚本,七个旧归档、cohort、价格确认与重标注入口整体退役；历史源码由 Git 基线保存,旧专属测试退役；当前 Case/Signal/Watch 回归保留,本地相关套件已运行；独立 broker golden 2 项通过；完整 CI 尚待 PR
scripts/export_trading_analysis_cohort.py::_rule_shadow_receipt,364e0d9abdc5c1f2dcc27aa19c2bb0736b7fffaf,115-269,,RETIRE,历史脚本,七个旧归档、cohort、价格确认与重标注入口整体退役；历史源码由 Git 基线保存,旧专属测试退役；当前 Case/Signal/Watch 回归保留,本地相关套件已运行；独立 broker golden 2 项通过；完整 CI 尚待 PR
scripts/export_trading_analysis_cohort.py::_rule_watch_path,364e0d9abdc5c1f2dcc27aa19c2bb0736b7fffaf,80-112,,RETIRE,历史脚本,七个旧归档、cohort、价格确认与重标注入口整体退役；历史源码由 Git 基线保存,旧专属测试退役；当前 Case/Signal/Watch 回归保留,本地相关套件已运行；独立 broker golden 2 项通过；完整 CI 尚待 PR
scripts/export_trading_analysis_cohort.py::_unevaluable_rule,364e0d9abdc5c1f2dcc27aa19c2bb0736b7fffaf,31-38,,RETIRE,历史脚本,七个旧归档、cohort、价格确认与重标注入口整体退役；历史源码由 Git 基线保存,旧专属测试退役；当前 Case/Signal/Watch 回归保留,本地相关套件已运行；独立 broker golden 2 项通过；完整 CI 尚待 PR
scripts/export_trading_analysis_cohort.py::_write_private,364e0d9abdc5c1f2dcc27aa19c2bb0736b7fffaf,615-626,,RETIRE,历史脚本,七个旧归档、cohort、价格确认与重标注入口整体退役；历史源码由 Git 基线保存,旧专属测试退役；当前 Case/Signal/Watch 回归保留,本地相关套件已运行；独立 broker golden 2 项通过；完整 CI 尚待 PR
scripts/export_trading_analysis_cohort.py::export_cases,364e0d9abdc5c1f2dcc27aa19c2bb0736b7fffaf,371-612,,RETIRE,历史脚本,七个旧归档、cohort、价格确认与重标注入口整体退役；历史源码由 Git 基线保存,旧专属测试退役；当前 Case/Signal/Watch 回归保留,本地相关套件已运行；独立 broker golden 2 项通过；完整 CI 尚待 PR
scripts/export_trading_analysis_cohort.py::main,364e0d9abdc5c1f2dcc27aa19c2bb0736b7fffaf,629-662,,RETIRE,历史脚本,七个旧归档、cohort、价格确认与重标注入口整体退役；历史源码由 Git 基线保存,旧专属测试退役；当前 Case/Signal/Watch 回归保留,本地相关套件已运行；独立 broker golden 2 项通过；完整 CI 尚待 PR
scripts/historical_price_confirmation.py::Candidate.check_entry,364e0d9abdc5c1f2dcc27aa19c2bb0736b7fffaf,40-51,,RETIRE,历史脚本,七个旧归档、cohort、价格确认与重标注入口整体退役；历史源码由 Git 基线保存,旧专属测试退役；当前 Case/Signal/Watch 回归保留,本地相关套件已运行；独立 broker golden 2 项通过；完整 CI 尚待 PR
scripts/historical_price_confirmation.py::build_event_price_candidates,364e0d9abdc5c1f2dcc27aa19c2bb0736b7fffaf,71-151,,RETIRE,历史脚本,七个旧归档、cohort、价格确认与重标注入口整体退役；历史源码由 Git 基线保存,旧专属测试退役；当前 Case/Signal/Watch 回归保留,本地相关套件已运行；独立 broker golden 2 项通过；完整 CI 尚待 PR
scripts/historical_price_confirmation.py::range_cross_side,364e0d9abdc5c1f2dcc27aa19c2bb0736b7fffaf,61-68,,RETIRE,历史脚本,七个旧归档、cohort、价格确认与重标注入口整体退役；历史源码由 Git 基线保存,旧专属测试退役；当前 Case/Signal/Watch 回归保留,本地相关套件已运行；独立 broker golden 2 项通过；完整 CI 尚待 PR
scripts/historical_price_confirmation.py::triggered_candidate,364e0d9abdc5c1f2dcc27aa19c2bb0736b7fffaf,154-194,,RETIRE,历史脚本,七个旧归档、cohort、价格确认与重标注入口整体退役；历史源码由 Git 基线保存,旧专属测试退役；当前 Case/Signal/Watch 回归保留,本地相关套件已运行；独立 broker golden 2 项通过；完整 CI 尚待 PR
scripts/historical_shadow_evaluation.py::_unevaluable,364e0d9abdc5c1f2dcc27aa19c2bb0736b7fffaf,18-19,,RETIRE,历史脚本,七个旧归档、cohort、价格确认与重标注入口整体退役；历史源码由 Git 基线保存,旧专属测试退役；当前 Case/Signal/Watch 回归保留,本地相关套件已运行；独立 broker golden 2 项通过；完整 CI 尚待 PR
scripts/historical_shadow_evaluation.py::evaluate_paper_receipt,364e0d9abdc5c1f2dcc27aa19c2bb0736b7fffaf,274-311,,RETIRE,历史脚本,七个旧归档、cohort、价格确认与重标注入口整体退役；历史源码由 Git 基线保存,旧专属测试退役；当前 Case/Signal/Watch 回归保留,本地相关套件已运行；独立 broker golden 2 项通过；完整 CI 尚待 PR
scripts/historical_shadow_evaluation.py::evaluate_shadow,364e0d9abdc5c1f2dcc27aa19c2bb0736b7fffaf,22-271,,RETIRE,历史脚本,七个旧归档、cohort、价格确认与重标注入口整体退役；历史源码由 Git 基线保存,旧专属测试退役；当前 Case/Signal/Watch 回归保留,本地相关套件已运行；独立 broker golden 2 项通过；完整 CI 尚待 PR
scripts/migrate_trading_analysis_archive.py::copy_legacy_archive,364e0d9abdc5c1f2dcc27aa19c2bb0736b7fffaf,15-38,,RETIRE,历史脚本,七个旧归档、cohort、价格确认与重标注入口整体退役；历史源码由 Git 基线保存,旧专属测试退役；当前 Case/Signal/Watch 回归保留,本地相关套件已运行；独立 broker golden 2 项通过；完整 CI 尚待 PR
scripts/migrate_trading_analysis_archive.py::main,364e0d9abdc5c1f2dcc27aa19c2bb0736b7fffaf,41-43,,RETIRE,历史脚本,七个旧归档、cohort、价格确认与重标注入口整体退役；历史源码由 Git 基线保存,旧专属测试退役；当前 Case/Signal/Watch 回归保留,本地相关套件已运行；独立 broker golden 2 项通过；完整 CI 尚待 PR
scripts/migrate_wallet_net_buy_config.py::main,364e0d9abdc5c1f2dcc27aa19c2bb0736b7fffaf,71-140,,RETIRE,历史脚本,七个旧归档、cohort、价格确认与重标注入口整体退役；历史源码由 Git 基线保存,旧专属测试退役；当前 Case/Signal/Watch 回归保留,本地相关套件已运行；独立 broker golden 2 项通过；完整 CI 尚待 PR
scripts/migrate_wallet_net_buy_config.py::migrate,364e0d9abdc5c1f2dcc27aa19c2bb0736b7fffaf,41-68,,RETIRE,历史脚本,七个旧归档、cohort、价格确认与重标注入口整体退役；历史源码由 Git 基线保存,旧专属测试退役；当前 Case/Signal/Watch 回归保留,本地相关套件已运行；独立 broker golden 2 项通过；完整 CI 尚待 PR
scripts/relabel_trading_price_paths.py::_audit_v1_path,364e0d9abdc5c1f2dcc27aa19c2bb0736b7fffaf,30-107,,RETIRE,历史脚本,七个旧归档、cohort、价格确认与重标注入口整体退役；历史源码由 Git 基线保存,旧专属测试退役；当前 Case/Signal/Watch 回归保留,本地相关套件已运行；独立 broker golden 2 项通过；完整 CI 尚待 PR
scripts/relabel_trading_price_paths.py::_missing,364e0d9abdc5c1f2dcc27aa19c2bb0736b7fffaf,26-27,,RETIRE,历史脚本,七个旧归档、cohort、价格确认与重标注入口整体退役；历史源码由 Git 基线保存,旧专属测试退役；当前 Case/Signal/Watch 回归保留,本地相关套件已运行；独立 broker golden 2 项通过；完整 CI 尚待 PR
scripts/relabel_trading_price_paths.py::_pending_correction_count,364e0d9abdc5c1f2dcc27aa19c2bb0736b7fffaf,131-142,,RETIRE,历史脚本,七个旧归档、cohort、价格确认与重标注入口整体退役；历史源码由 Git 基线保存,旧专属测试退役；当前 Case/Signal/Watch 回归保留,本地相关套件已运行；独立 broker golden 2 项通过；完整 CI 尚待 PR
scripts/relabel_trading_price_paths.py::_pending_corrections,364e0d9abdc5c1f2dcc27aa19c2bb0736b7fffaf,110-128,,RETIRE,历史脚本,七个旧归档、cohort、价格确认与重标注入口整体退役；历史源码由 Git 基线保存,旧专属测试退役；当前 Case/Signal/Watch 回归保留,本地相关套件已运行；独立 broker golden 2 项通过；完整 CI 尚待 PR
scripts/relabel_trading_price_paths.py::main,364e0d9abdc5c1f2dcc27aa19c2bb0736b7fffaf,205-213,,RETIRE,历史脚本,七个旧归档、cohort、价格确认与重标注入口整体退役；历史源码由 Git 基线保存,旧专属测试退役；当前 Case/Signal/Watch 回归保留,本地相关套件已运行；独立 broker golden 2 项通过；完整 CI 尚待 PR
scripts/relabel_trading_price_paths.py::relabel,364e0d9abdc5c1f2dcc27aa19c2bb0736b7fffaf,145-202,,RETIRE,历史脚本,七个旧归档、cohort、价格确认与重标注入口整体退役；历史源码由 Git 基线保存,旧专属测试退役；当前 Case/Signal/Watch 回归保留,本地相关套件已运行；独立 broker golden 2 项通过；完整 CI 尚待 PR
scripts/trading_analysis_cohort.py::_account_drawdown,364e0d9abdc5c1f2dcc27aa19c2bb0736b7fffaf,190-229,,RETIRE,历史脚本,七个旧归档、cohort、价格确认与重标注入口整体退役；历史源码由 Git 基线保存,旧专属测试退役；当前 Case/Signal/Watch 回归保留,本地相关套件已运行；独立 broker golden 2 项通过；完整 CI 尚待 PR
scripts/trading_analysis_cohort.py::_arm_summary,364e0d9abdc5c1f2dcc27aa19c2bb0736b7fffaf,232-453,,RETIRE,历史脚本,七个旧归档、cohort、价格确认与重标注入口整体退役；历史源码由 Git 基线保存,旧专属测试退役；当前 Case/Signal/Watch 回归保留,本地相关套件已运行；独立 broker golden 2 项通过；完整 CI 尚待 PR
scripts/trading_analysis_cohort.py::_dspy_action,364e0d9abdc5c1f2dcc27aa19c2bb0736b7fffaf,149-155,,RETIRE,历史脚本,七个旧归档、cohort、价格确认与重标注入口整体退役；历史源码由 Git 基线保存,旧专属测试退役；当前 Case/Signal/Watch 回归保留,本地相关套件已运行；独立 broker golden 2 项通过；完整 CI 尚待 PR
scripts/trading_analysis_cohort.py::_holdout_comparison,364e0d9abdc5c1f2dcc27aa19c2bb0736b7fffaf,490-537,,RETIRE,历史脚本,七个旧归档、cohort、价格确认与重标注入口整体退役；历史源码由 Git 基线保存,旧专属测试退役；当前 Case/Signal/Watch 回归保留,本地相关套件已运行；独立 broker golden 2 项通过；完整 CI 尚待 PR
scripts/trading_analysis_cohort.py::_legacy_output_summary,364e0d9abdc5c1f2dcc27aa19c2bb0736b7fffaf,456-487,,RETIRE,历史脚本,七个旧归档、cohort、价格确认与重标注入口整体退役；历史源码由 Git 基线保存,旧专属测试退役；当前 Case/Signal/Watch 回归保留,本地相关套件已运行；独立 broker golden 2 项通过；完整 CI 尚待 PR
scripts/trading_analysis_cohort.py::_model_cost,364e0d9abdc5c1f2dcc27aa19c2bb0736b7fffaf,158-187,,RETIRE,历史脚本,七个旧归档、cohort、价格确认与重标注入口整体退役；历史源码由 Git 基线保存,旧专属测试退役；当前 Case/Signal/Watch 回归保留,本地相关套件已运行；独立 broker golden 2 项通过；完整 CI 尚待 PR
scripts/trading_analysis_cohort.py::_rows,364e0d9abdc5c1f2dcc27aa19c2bb0736b7fffaf,36-44,,RETIRE,历史脚本,七个旧归档、cohort、价格确认与重标注入口整体退役；历史源码由 Git 基线保存,旧专属测试退役；当前 Case/Signal/Watch 回归保留,本地相关套件已运行；独立 broker golden 2 项通过；完整 CI 尚待 PR
scripts/trading_analysis_cohort.py::_rule_action,364e0d9abdc5c1f2dcc27aa19c2bb0736b7fffaf,145-146,,RETIRE,历史脚本,七个旧归档、cohort、价格确认与重标注入口整体退役；历史源码由 Git 基线保存,旧专属测试退役；当前 Case/Signal/Watch 回归保留,本地相关套件已运行；独立 broker golden 2 项通过；完整 CI 尚待 PR
scripts/trading_analysis_cohort.py::_rule_decision,364e0d9abdc5c1f2dcc27aa19c2bb0736b7fffaf,66-142,,RETIRE,历史脚本,七个旧归档、cohort、价格确认与重标注入口整体退役；历史源码由 Git 基线保存,旧专属测试退役；当前 Case/Signal/Watch 回归保留,本地相关套件已运行；独立 broker golden 2 项通过；完整 CI 尚待 PR
scripts/trading_analysis_cohort.py::_split,364e0d9abdc5c1f2dcc27aa19c2bb0736b7fffaf,47-52,,RETIRE,历史脚本,七个旧归档、cohort、价格确认与重标注入口整体退役；历史源码由 Git 基线保存,旧专属测试退役；当前 Case/Signal/Watch 回归保留,本地相关套件已运行；独立 broker golden 2 项通过；完整 CI 尚待 PR
scripts/trading_analysis_cohort.py::evaluate,364e0d9abdc5c1f2dcc27aa19c2bb0736b7fffaf,540-680,,RETIRE,历史脚本,七个旧归档、cohort、价格确认与重标注入口整体退役；历史源码由 Git 基线保存,旧专属测试退役；当前 Case/Signal/Watch 回归保留,本地相关套件已运行；独立 broker golden 2 项通过；完整 CI 尚待 PR
scripts/trading_analysis_cohort.py::evaluate.summarize,364e0d9abdc5c1f2dcc27aa19c2bb0736b7fffaf,615-623,,RETIRE,历史脚本,七个旧归档、cohort、价格确认与重标注入口整体退役；历史源码由 Git 基线保存,旧专属测试退役；当前 Case/Signal/Watch 回归保留,本地相关套件已运行；独立 broker golden 2 项通过；完整 CI 尚待 PR
scripts/trading_analysis_cohort.py::main,364e0d9abdc5c1f2dcc27aa19c2bb0736b7fffaf,683-733,,RETIRE,历史脚本,七个旧归档、cohort、价格确认与重标注入口整体退役；历史源码由 Git 基线保存,旧专属测试退役；当前 Case/Signal/Watch 回归保留,本地相关套件已运行；独立 broker golden 2 项通过；完整 CI 尚待 PR
tests/contract/test_cli.py::write_runtime_config,364e0d9abdc5c1f2dcc27aa19c2bb0736b7fffaf,26-51,,DELETE,测试合同,改为当前公开合同或窄 tests/support owner；不再从 test_*.py 导入替身,相关 hermetic、PostgreSQL、API/CLI 与浏览器回归,本地相关套件已运行；独立 broker golden 2 项通过；完整 CI 尚待 PR
tests/contract/test_news_http_contract.py::_FakeNewsRepository.event_detail,364e0d9abdc5c1f2dcc27aa19c2bb0736b7fffaf,110-139,107-135,REPLACE,测试合同,改为当前公开合同或窄 tests/support owner；不再从 test_*.py 导入替身,相关 hermetic、PostgreSQL、API/CLI 与浏览器回归,本地相关套件已运行；独立 broker golden 2 项通过；完整 CI 尚待 PR
tests/contract/test_news_http_contract.py::_FakeNewsRepository.list_feed,364e0d9abdc5c1f2dcc27aa19c2bb0736b7fffaf,83-108,82-105,REPLACE,测试合同,改为当前公开合同或窄 tests/support owner；不再从 test_*.py 导入替身,相关 hermetic、PostgreSQL、API/CLI 与浏览器回归,本地相关套件已运行；独立 broker golden 2 项通过；完整 CI 尚待 PR
tests/contract/test_news_http_contract.py::test_a_legacy_event_detail_keeps_its_verdict_under_the_legacy_name,364e0d9abdc5c1f2dcc27aa19c2bb0736b7fffaf,1202-1221,,DELETE,测试合同,改为当前公开合同或窄 tests/support owner；不再从 test_*.py 导入替身,相关 hermetic、PostgreSQL、API/CLI 与浏览器回归,本地相关套件已运行；独立 broker golden 2 项通过；完整 CI 尚待 PR
tests/contract/test_news_http_contract.py::test_current_verdict_schema_rejects_raw_and_cross_origin_payloads,364e0d9abdc5c1f2dcc27aa19c2bb0736b7fffaf,693-782,,DELETE,测试合同,改为当前公开合同或窄 tests/support owner；不再从 test_*.py 导入替身,相关 hermetic、PostgreSQL、API/CLI 与浏览器回归,本地相关套件已运行；独立 broker golden 2 项通过；完整 CI 尚待 PR
tests/contract/test_news_http_contract.py::test_event_detail_serves_the_event_update_and_its_processing,364e0d9abdc5c1f2dcc27aa19c2bb0736b7fffaf,,776-864,REPLACE,测试合同,改为当前公开合同或窄 tests/support owner；不再从 test_*.py 导入替身,相关 hermetic、PostgreSQL、API/CLI 与浏览器回归,本地相关套件已运行；独立 broker golden 2 项通过；完整 CI 尚待 PR
tests/contract/test_news_http_contract.py::test_event_detail_serves_the_event_update_and_its_processing_beside_no_legacy_verdict,364e0d9abdc5c1f2dcc27aa19c2bb0736b7fffaf,1109-1199,,DELETE,测试合同,改为当前公开合同或窄 tests/support owner；不再从 test_*.py 导入替身,相关 hermetic、PostgreSQL、API/CLI 与浏览器回归,本地相关套件已运行；独立 broker golden 2 项通过；完整 CI 尚待 PR
tests/contract/test_news_http_contract.py::test_feed_forwards_all_current_filters_in_canonical_order,364e0d9abdc5c1f2dcc27aa19c2bb0736b7fffaf,897-925,571-593,REPLACE,测试合同,改为当前公开合同或窄 tests/support owner；不再从 test_*.py 导入替身,相关 hermetic、PostgreSQL、API/CLI 与浏览器回归,本地相关套件已运行；独立 broker golden 2 项通过；完整 CI 尚待 PR
tests/contract/test_news_http_contract.py::test_feed_reports_tab_counts_on_the_first_page_only,364e0d9abdc5c1f2dcc27aa19c2bb0736b7fffaf,965-972,633-640,REPLACE,测试合同,改为当前公开合同或窄 tests/support owner；不再从 test_*.py 导入替身,相关 hermetic、PostgreSQL、API/CLI 与浏览器回归,本地相关套件已运行；独立 broker golden 2 项通过；完整 CI 尚待 PR
tests/contract/test_news_http_contract.py::test_feed_returns_validated_envelope_and_forwards_bounded_filters,364e0d9abdc5c1f2dcc27aa19c2bb0736b7fffaf,785-823,461-497,REPLACE,测试合同,改为当前公开合同或窄 tests/support owner；不再从 test_*.py 导入替身,相关 hermetic、PostgreSQL、API/CLI 与浏览器回归,本地相关套件已运行；独立 broker golden 2 项通过；完整 CI 尚待 PR
tests/contract/test_news_http_contract.py::test_news_schemas_are_exact_and_carry_no_retired_story_brief_surface,364e0d9abdc5c1f2dcc27aa19c2bb0736b7fffaf,422-690,,DELETE,测试合同,改为当前公开合同或窄 tests/support owner；不再从 test_*.py 导入替身,相关 hermetic、PostgreSQL、API/CLI 与浏览器回归,本地相关套件已运行；独立 broker golden 2 项通过；完整 CI 尚待 PR
tests/contract/test_news_http_contract.py::test_news_schemas_publish_current_event_update_and_feedback_only,364e0d9abdc5c1f2dcc27aa19c2bb0736b7fffaf,,418-458,REPLACE,测试合同,改为当前公开合同或窄 tests/support owner；不再从 test_*.py 导入替身,相关 hermetic、PostgreSQL、API/CLI 与浏览器回归,本地相关套件已运行；独立 broker golden 2 项通过；完整 CI 尚待 PR
tests/contract/test_news_http_contract.py::test_source_only_event_has_no_synthetic_legacy_judgment,364e0d9abdc5c1f2dcc27aa19c2bb0736b7fffaf,,867-873,REPLACE,测试合同,改为当前公开合同或窄 tests/support owner；不再从 test_*.py 导入替身,相关 hermetic、PostgreSQL、API/CLI 与浏览器回归,本地相关套件已运行；独立 broker golden 2 项通过；完整 CI 尚待 PR
tests/contract/test_openapi_drift.py::test_news_event_update_contract_is_exact_and_types_the_core_vocabulary,364e0d9abdc5c1f2dcc27aa19c2bb0736b7fffaf,518-598,419-497,REPLACE,测试合同,改为当前公开合同或窄 tests/support owner；不再从 test_*.py 导入替身,相关 hermetic、PostgreSQL、API/CLI 与浏览器回归,本地相关套件已运行；独立 broker golden 2 项通过；完整 CI 尚待 PR
tests/contract/test_openapi_drift.py::test_news_feed_contract_exposes_bounded_event_filters,364e0d9abdc5c1f2dcc27aa19c2bb0736b7fffaf,399-514,,DELETE,测试合同,改为当前公开合同或窄 tests/support owner；不再从 test_*.py 导入替身,相关 hermetic、PostgreSQL、API/CLI 与浏览器回归,本地相关套件已运行；独立 broker golden 2 项通过；完整 CI 尚待 PR
tests/contract/test_openapi_drift.py::test_news_feed_contract_exposes_current_bounded_filters,364e0d9abdc5c1f2dcc27aa19c2bb0736b7fffaf,,391-416,REPLACE,测试合同,改为当前公开合同或窄 tests/support owner；不再从 test_*.py 导入替身,相关 hermetic、PostgreSQL、API/CLI 与浏览器回归,本地相关套件已运行；独立 broker golden 2 项通过；完整 CI 尚待 PR
tests/contract/test_openapi_drift.py::test_news_routes_publish_exact_named_data_contracts,364e0d9abdc5c1f2dcc27aa19c2bb0736b7fffaf,110-349,110-341,REPLACE,测试合同,改为当前公开合同或窄 tests/support owner；不再从 test_*.py 导入替身,相关 hermetic、PostgreSQL、API/CLI 与浏览器回归,本地相关套件已运行；独立 broker golden 2 项通过；完整 CI 尚待 PR
tests/contract/test_query_audit.py::test_analyzed_query_audit_keeps_the_returned_rows_denominator_for_an_empty_page,364e0d9abdc5c1f2dcc27aa19c2bb0736b7fffaf,797-829,795-827,REPLACE,测试合同,改为当前公开合同或窄 tests/support owner；不再从 test_*.py 导入替身,相关 hermetic、PostgreSQL、API/CLI 与浏览器回归,本地相关套件已运行；独立 broker golden 2 项通过；完整 CI 尚待 PR
tests/contract/test_query_audit.py::test_app_catalog_composes_platform_and_injected_news_query_specs,364e0d9abdc5c1f2dcc27aa19c2bb0736b7fffaf,129-259,126-256,REPLACE,测试合同,改为当前公开合同或窄 tests/support owner；不再从 test_*.py 导入替身,相关 hermetic、PostgreSQL、API/CLI 与浏览器回归,本地相关套件已运行；独立 broker golden 2 项通过；完整 CI 尚待 PR
tests/contract/test_query_audit.py::test_status_audit_explains_the_statements_the_status_route_executes,364e0d9abdc5c1f2dcc27aa19c2bb0736b7fffaf,340-372,337-370,REPLACE,测试合同,改为当前公开合同或窄 tests/support owner；不再从 test_*.py 导入替身,相关 hermetic、PostgreSQL、API/CLI 与浏览器回归,本地相关套件已运行；独立 broker golden 2 项通过；完整 CI 尚待 PR
tests/contract/test_query_audit.py::test_status_audit_reads_its_sql_from_the_production_module_only,364e0d9abdc5c1f2dcc27aa19c2bb0736b7fffaf,446-483,444-481,REPLACE,测试合同,改为当前公开合同或窄 tests/support owner；不再从 test_*.py 导入替身,相关 hermetic、PostgreSQL、API/CLI 与浏览器回归,本地相关套件已运行；独立 broker golden 2 项通过；完整 CI 尚待 PR
tests/golden/test_news_production_pipeline.py::test_opennews_frame_crosses_production_workers_and_reaches_the_reader,364e0d9abdc5c1f2dcc27aa19c2bb0736b7fffaf,13-65,13-65,REPLACE,测试合同,改为当前公开合同或窄 tests/support owner；不再从 test_*.py 导入替身,相关 hermetic、PostgreSQL、API/CLI 与浏览器回归,本地相关套件已运行；独立 broker golden 2 项通过；完整 CI 尚待 PR
tests/integration/test_api_http.py::_historical_v2_editorial,364e0d9abdc5c1f2dcc27aa19c2bb0736b7fffaf,374-398,,DELETE,测试合同,改为当前公开合同或窄 tests/support owner；不再从 test_*.py 导入替身,相关 hermetic、PostgreSQL、API/CLI 与浏览器回归,本地相关套件已运行；独立 broker golden 2 项通过；完整 CI 尚待 PR
tests/integration/test_api_http.py::_verdict_payload,364e0d9abdc5c1f2dcc27aa19c2bb0736b7fffaf,401-420,,DELETE,测试合同,改为当前公开合同或窄 tests/support owner；不再从 test_*.py 导入替身,相关 hermetic、PostgreSQL、API/CLI 与浏览器回归,本地相关套件已运行；独立 broker golden 2 项通过；完整 CI 尚待 PR
tests/integration/test_api_http.py::_write_model_verdict,364e0d9abdc5c1f2dcc27aa19c2bb0736b7fffaf,423-487,,DELETE,测试合同,改为当前公开合同或窄 tests/support owner；不再从 test_*.py 导入替身,相关 hermetic、PostgreSQL、API/CLI 与浏览器回归,本地相关套件已运行；独立 broker golden 2 项通过；完整 CI 尚待 PR
tests/integration/test_api_http.py::test_api_news_v3_exposes_feed_event_detail_and_status,364e0d9abdc5c1f2dcc27aa19c2bb0736b7fffaf,107-229,98-218,REPLACE,测试合同,改为当前公开合同或窄 tests/support owner；不再从 test_*.py 导入替身,相关 hermetic、PostgreSQL、API/CLI 与浏览器回归,本地相关套件已运行；独立 broker golden 2 项通过；完整 CI 尚待 PR
tests/integration/test_api_http.py::test_api_serves_an_unavailable_taxonomy_and_filters_history_by_source_authority,364e0d9abdc5c1f2dcc27aa19c2bb0736b7fffaf,490-564,,DELETE,测试合同,改为当前公开合同或窄 tests/support owner；不再从 test_*.py 导入替身,相关 hermetic、PostgreSQL、API/CLI 与浏览器回归,本地相关套件已运行；独立 broker golden 2 项通过；完整 CI 尚待 PR
tests/integration/test_migration_history.py::test_judgment_v3_migration_keeps_the_v2_verdict_it_finds_and_admits_the_new_one,364e0d9abdc5c1f2dcc27aa19c2bb0736b7fffaf,2958-3068,2958-3066,REPLACE,测试合同,改为当前公开合同或窄 tests/support owner；不再从 test_*.py 导入替身,相关 hermetic、PostgreSQL、API/CLI 与浏览器回归,本地相关套件已运行；独立 broker golden 2 项通过；完整 CI 尚待 PR
tests/integration/test_migration_history.py::test_policy_v17_migration_keeps_the_budget_withholds_it_finds_and_admits_v17,364e0d9abdc5c1f2dcc27aa19c2bb0736b7fffaf,3319-3389,3317-3385,REPLACE,测试合同,改为当前公开合同或窄 tests/support owner；不再从 test_*.py 导入替身,相关 hermetic、PostgreSQL、API/CLI 与浏览器回归,本地相关套件已运行；独立 broker golden 2 项通过；完整 CI 尚待 PR
tests/integration/test_news_chain_tape.py::_Chain.__init__,364e0d9abdc5c1f2dcc27aa19c2bb0736b7fffaf,205-224,,RETIRE,退役测试,断言已退役入口或静态副本；以当前主流程回归替代,删除旧断言；当前 Trading、News 与 OI 套件覆盖保留能力,退役断言不再收集；保留能力由现行测试验证
tests/integration/test_news_chain_tape.py::_Chain.block_number,364e0d9abdc5c1f2dcc27aa19c2bb0736b7fffaf,226-227,,RETIRE,退役测试,断言已退役入口或静态副本；以当前主流程回归替代,删除旧断言；当前 Trading、News 与 OI 套件覆盖保留能力,退役断言不再收集；保留能力由现行测试验证
tests/integration/test_news_chain_tape.py::_Chain.block_timestamp_ms,364e0d9abdc5c1f2dcc27aa19c2bb0736b7fffaf,260-262,,RETIRE,退役测试,断言已退役入口或静态副本；以当前主流程回归替代,删除旧断言；当前 Trading、News 与 OI 套件覆盖保留能力,退役断言不再收集；保留能力由现行测试验证
tests/integration/test_news_chain_tape.py::_Chain.logs,364e0d9abdc5c1f2dcc27aa19c2bb0736b7fffaf,229-252,,RETIRE,退役测试,断言已退役入口或静态副本；以当前主流程回归替代,删除旧断言；当前 Trading、News 与 OI 套件覆盖保留能力,退役断言不再收集；保留能力由现行测试验证
tests/integration/test_news_chain_tape.py::_Chain.receipt,364e0d9abdc5c1f2dcc27aa19c2bb0736b7fffaf,254-258,,RETIRE,退役测试,断言已退役入口或静态副本；以当前主流程回归替代,删除旧断言；当前 Trading、News 与 OI 套件覆盖保留能力,退役断言不再收集；保留能力由现行测试验证
tests/integration/test_news_chain_tape.py::_Chain.token,364e0d9abdc5c1f2dcc27aa19c2bb0736b7fffaf,267-271,,RETIRE,退役测试,断言已退役入口或静态副本；以当前主流程回归替代,删除旧断言；当前 Trading、News 与 OI 套件覆盖保留能力,退役断言不再收集；保留能力由现行测试验证
tests/integration/test_news_chain_tape.py::_Chain.token_decimals,364e0d9abdc5c1f2dcc27aa19c2bb0736b7fffaf,264-265,,RETIRE,退役测试,断言已退役入口或静态副本；以当前主流程回归替代,删除旧断言；当前 Trading、News 与 OI 套件覆盖保留能力,退役断言不再收集；保留能力由现行测试验证
tests/integration/test_news_chain_tape.py::_Db.__init__,364e0d9abdc5c1f2dcc27aa19c2bb0736b7fffaf,63-68,,RETIRE,退役测试,断言已退役入口或静态副本；以当前主流程回归替代,删除旧断言；当前 Trading、News 与 OI 套件覆盖保留能力,退役断言不再收集；保留能力由现行测试验证
tests/integration/test_news_chain_tape.py::_Db.read,364e0d9abdc5c1f2dcc27aa19c2bb0736b7fffaf,70-74,,RETIRE,退役测试,断言已退役入口或静态副本；以当前主流程回归替代,删除旧断言；当前 Trading、News 与 OI 套件覆盖保留能力,退役断言不再收集；保留能力由现行测试验证
tests/integration/test_news_chain_tape.py::_Db.tx,364e0d9abdc5c1f2dcc27aa19c2bb0736b7fffaf,76-82,,RETIRE,退役测试,断言已退役入口或静态副本；以当前主流程回归替代,删除旧断言；当前 Trading、News 与 OI 套件覆盖保留能力,退役断言不再收集；保留能力由现行测试验证
tests/integration/test_news_chain_tape.py::_fills,364e0d9abdc5c1f2dcc27aa19c2bb0736b7fffaf,314-324,,RETIRE,退役测试,断言已退役入口或静态副本；以当前主流程回归替代,删除旧断言；当前 Trading、News 与 OI 套件覆盖保留能力,退役断言不再收集；保留能力由现行测试验证
tests/integration/test_news_chain_tape.py::_loop,364e0d9abdc5c1f2dcc27aa19c2bb0736b7fffaf,291-299,,RETIRE,退役测试,断言已退役入口或静态副本；以当前主流程回归替代,删除旧断言；当前 Trading、News 与 OI 套件覆盖保留能力,退役断言不再收集；保留能力由现行测试验证
tests/integration/test_news_chain_tape.py::_member,364e0d9abdc5c1f2dcc27aa19c2bb0736b7fffaf,274-278,,RETIRE,退役测试,断言已退役入口或静态副本；以当前主流程回归替代,删除旧断言；当前 Trading、News 与 OI 套件覆盖保留能力,退役断言不再收集；保留能力由现行测试验证
tests/integration/test_news_chain_tape.py::_receipt,364e0d9abdc5c1f2dcc27aa19c2bb0736b7fffaf,115-139,,RETIRE,退役测试,断言已退役入口或静态副本；以当前主流程回归替代,删除旧断言；当前 Trading、News 与 OI 套件覆盖保留能力,退役断言不再收集；保留能力由现行测试验证
tests/integration/test_news_chain_tape.py::_recorded,364e0d9abdc5c1f2dcc27aa19c2bb0736b7fffaf,156-158,,RETIRE,退役测试,断言已退役入口或静态副本；以当前主流程回归替代,删除旧断言；当前 Trading、News 与 OI 套件覆盖保留能力,退役断言不再收集；保留能力由现行测试验证
tests/integration/test_news_chain_tape.py::_removed,364e0d9abdc5c1f2dcc27aa19c2bb0736b7fffaf,142-153,,RETIRE,退役测试,断言已退役入口或静态副本；以当前主流程回归替代,删除旧断言；当前 Trading、News 与 OI 套件覆盖保留能力,退役断言不再收集；保留能力由现行测试验证
tests/integration/test_news_chain_tape.py::_seed_cursor,364e0d9abdc5c1f2dcc27aa19c2bb0736b7fffaf,302-311,,RETIRE,退役测试,断言已退役入口或静态副本；以当前主流程回归替代,删除旧断言；当前 Trading、News 与 OI 套件覆盖保留能力,退役断言不再收集；保留能力由现行测试验证
tests/integration/test_news_chain_tape.py::_seed_roster,364e0d9abdc5c1f2dcc27aa19c2bb0736b7fffaf,281-288,,RETIRE,退役测试,断言已退役入口或静态副本；以当前主流程回归替代,删除旧断言；当前 Trading、News 与 OI 套件覆盖保留能力,退役断言不再收集；保留能力由现行测试验证
tests/integration/test_news_chain_tape.py::_state,364e0d9abdc5c1f2dcc27aa19c2bb0736b7fffaf,327-329,,RETIRE,退役测试,断言已退役入口或静态副本；以当前主流程回归替代,删除旧断言；当前 Trading、News 与 OI 套件覆盖保留能力,退役断言不再收集；保留能力由现行测试验证
tests/integration/test_news_chain_tape.py::_synthetic_receipt,364e0d9abdc5c1f2dcc27aa19c2bb0736b7fffaf,161-197,,RETIRE,退役测试,断言已退役入口或静态副本；以当前主流程回归替代,删除旧断言；当前 Trading、News 与 OI 套件覆盖保留能力,退役断言不再收集；保留能力由现行测试验证
tests/integration/test_news_event_kind_storage.py::test_feed_detail_filters_counts_and_status_project_the_closed_event_kinds,364e0d9abdc5c1f2dcc27aa19c2bb0736b7fffaf,408-494,408-493,REPLACE,测试合同,改为当前公开合同或窄 tests/support owner；不再从 test_*.py 导入替身,相关 hermetic、PostgreSQL、API/CLI 与浏览器回归,本地相关套件已运行；独立 broker golden 2 项通过；完整 CI 尚待 PR
tests/integration/test_news_event_kind_storage.py::test_feed_detail_filters_counts_and_status_project_the_closed_event_kinds.page,364e0d9abdc5c1f2dcc27aa19c2bb0736b7fffaf,447-464,447-463,REPLACE,测试合同,改为当前公开合同或窄 tests/support owner；不再从 test_*.py 导入替身,相关 hermetic、PostgreSQL、API/CLI 与浏览器回归,本地相关套件已运行；独立 broker golden 2 项通过；完整 CI 尚待 PR
tests/integration/test_news_event_kind_storage.py::test_terminal_delivery_without_a_verdict_is_held_in_both_row_and_tab_partition,364e0d9abdc5c1f2dcc27aa19c2bb0736b7fffaf,497-529,496-527,REPLACE,测试合同,改为当前公开合同或窄 tests/support owner；不再从 test_*.py 导入替身,相关 hermetic、PostgreSQL、API/CLI 与浏览器回归,本地相关套件已运行；独立 broker golden 2 项通过；完整 CI 尚待 PR
tests/integration/test_news_event_update_read.py::_feed,364e0d9abdc5c1f2dcc27aa19c2bb0736b7fffaf,207-220,207-219,REPLACE,测试合同,改为当前公开合同或窄 tests/support owner；不再从 test_*.py 导入替身,相关 hermetic、PostgreSQL、API/CLI 与浏览器回归,本地相关套件已运行；独立 broker golden 2 项通过；完整 CI 尚待 PR
tests/integration/test_news_event_update_read.py::test_a_historical_event_reads_source_and_receipts_without_verdict_projection,364e0d9abdc5c1f2dcc27aa19c2bb0736b7fffaf,,273-282,REPLACE,测试合同,改为当前公开合同或窄 tests/support owner；不再从 test_*.py 导入替身,相关 hermetic、PostgreSQL、API/CLI 与浏览器回归,本地相关套件已运行；独立 broker golden 2 项通过；完整 CI 尚待 PR
tests/integration/test_news_event_update_read.py::test_a_legacy_event_detail_keeps_its_verdict_and_has_no_update_path,364e0d9abdc5c1f2dcc27aa19c2bb0736b7fffaf,274-294,,DELETE,测试合同,改为当前公开合同或窄 tests/support owner；不再从 test_*.py 导入替身,相关 hermetic、PostgreSQL、API/CLI 与浏览器回归,本地相关套件已运行；独立 broker golden 2 项通过；完整 CI 尚待 PR
tests/integration/test_news_event_update_read.py::test_a_mixed_feed_page_partitions_into_the_same_tabs_its_rows_report,364e0d9abdc5c1f2dcc27aa19c2bb0736b7fffaf,297-325,285-312,REPLACE,测试合同,改为当前公开合同或窄 tests/support owner；不再从 test_*.py 导入替身,相关 hermetic、PostgreSQL、API/CLI 与浏览器回归,本地相关套件已运行；独立 broker golden 2 项通过；完整 CI 尚待 PR
tests/integration/test_news_event_update_read.py::test_a_news_agent_event_detail_reads_its_update_processing_and_timeline,364e0d9abdc5c1f2dcc27aa19c2bb0736b7fffaf,223-271,222-270,REPLACE,测试合同,改为当前公开合同或窄 tests/support owner；不再从 test_*.py 导入替身,相关 hermetic、PostgreSQL、API/CLI 与浏览器回归,本地相关套件已运行；独立 broker golden 2 项通过；完整 CI 尚待 PR
tests/integration/test_news_event_update_read.py::test_an_owed_intent_and_a_new_revision_move_the_row_back_to_pending,364e0d9abdc5c1f2dcc27aa19c2bb0736b7fffaf,356-372,343-358,REPLACE,测试合同,改为当前公开合同或窄 tests/support owner；不再从 test_*.py 导入替身,相关 hermetic、PostgreSQL、API/CLI 与浏览器回归,本地相关套件已运行；独立 broker golden 2 项通过；完整 CI 尚待 PR
tests/integration/test_news_event_update_read.py::test_topic_and_cited_source_filters_read_the_adopted_head,364e0d9abdc5c1f2dcc27aa19c2bb0736b7fffaf,375-388,361-374,REPLACE,测试合同,改为当前公开合同或窄 tests/support owner；不再从 test_*.py 导入替身,相关 hermetic、PostgreSQL、API/CLI 与浏览器回归,本地相关套件已运行；独立 broker golden 2 项通过；完整 CI 尚待 PR
tests/integration/test_news_market_notifications.py::_oi_item,364e0d9abdc5c1f2dcc27aa19c2bb0736b7fffaf,218-223,,DELETE,测试合同,改为当前公开合同或窄 tests/support owner；不再从 test_*.py 导入替身,相关 hermetic、PostgreSQL、API/CLI 与浏览器回归,本地相关套件已运行；独立 broker golden 2 项通过；完整 CI 尚待 PR
tests/integration/test_news_market_notifications.py::_write_oi,364e0d9abdc5c1f2dcc27aa19c2bb0736b7fffaf,226-273,,DELETE,测试合同,改为当前公开合同或窄 tests/support owner；不再从 test_*.py 导入替身,相关 hermetic、PostgreSQL、API/CLI 与浏览器回归,本地相关套件已运行；独立 broker golden 2 项通过；完整 CI 尚待 PR
tests/integration/test_news_notification_review.py::test_decision_queue_filters_before_limit_and_uses_one_read_for_a_sparse_page,364e0d9abdc5c1f2dcc27aa19c2bb0736b7fffaf,,110-200,REPLACE,测试合同,改为当前公开合同或窄 tests/support owner；不再从 test_*.py 导入替身,相关 hermetic、PostgreSQL、API/CLI 与浏览器回归,本地相关套件已运行；独立 broker golden 2 项通过；完整 CI 尚待 PR
tests/integration/test_news_reader_history.py::_persist_triage_verdict,364e0d9abdc5c1f2dcc27aa19c2bb0736b7fffaf,67-133,,DELETE,测试合同,改为当前公开合同或窄 tests/support owner；不再从 test_*.py 导入替身,相关 hermetic、PostgreSQL、API/CLI 与浏览器回归,本地相关套件已运行；独立 broker golden 2 项通过；完整 CI 尚待 PR
tests/integration/test_news_review_desk.py::_appoint_legacy_agent,364e0d9abdc5c1f2dcc27aa19c2bb0736b7fffaf,39-48,,DELETE,测试合同,改为当前公开合同或窄 tests/support owner；不再从 test_*.py 导入替身,相关 hermetic、PostgreSQL、API/CLI 与浏览器回归,本地相关套件已运行；独立 broker golden 2 项通过；完整 CI 尚待 PR
tests/integration/test_news_review_desk.py::_open_event,364e0d9abdc5c1f2dcc27aa19c2bb0736b7fffaf,60-185,,DELETE,测试合同,改为当前公开合同或窄 tests/support owner；不再从 test_*.py 导入替身,相关 hermetic、PostgreSQL、API/CLI 与浏览器回归,本地相关套件已运行；独立 broker golden 2 项通过；完整 CI 尚待 PR
tests/integration/test_news_review_desk.py::conn,364e0d9abdc5c1f2dcc27aa19c2bb0736b7fffaf,52-57,25-28,REPLACE,测试合同,改为当前公开合同或窄 tests/support owner；不再从 test_*.py 导入替身,相关 hermetic、PostgreSQL、API/CLI 与浏览器回归,本地相关套件已运行；独立 broker golden 2 项通过；完整 CI 尚待 PR
tests/integration/test_news_review_desk.py::test_external_miss_rejects_future_source_time,364e0d9abdc5c1f2dcc27aa19c2bb0736b7fffaf,243-259,65-81,REPLACE,测试合同,改为当前公开合同或窄 tests/support owner；不再从 test_*.py 导入替身,相关 hermetic、PostgreSQL、API/CLI 与浏览器回归,本地相关套件已运行；独立 broker golden 2 项通过；完整 CI 尚待 PR
tests/integration/test_news_review_desk.py::test_legacy_event_review_is_read_only,364e0d9abdc5c1f2dcc27aa19c2bb0736b7fffaf,188-206,,DELETE,测试合同,改为当前公开合同或窄 tests/support owner；不再从 test_*.py 导入替身,相关 hermetic、PostgreSQL、API/CLI 与浏览器回归,本地相关套件已运行；独立 broker golden 2 项通过；完整 CI 尚待 PR
tests/integration/test_news_review_desk.py::test_retired_event_task_has_one_rejection_boundary,364e0d9abdc5c1f2dcc27aa19c2bb0736b7fffaf,,84-94,REPLACE,测试合同,改为当前公开合同或窄 tests/support owner；不再从 test_*.py 导入替身,相关 hermetic、PostgreSQL、API/CLI 与浏览器回归,本地相关套件已运行；独立 broker golden 2 项通过；完整 CI 尚待 PR
tests/integration/test_news_status_scale.py::_seed_production_sized_event_corpus,364e0d9abdc5c1f2dcc27aa19c2bb0736b7fffaf,,27-64,REPLACE,测试合同,改为当前公开合同或窄 tests/support owner；不再从 test_*.py 导入替身,相关 hermetic、PostgreSQL、API/CLI 与浏览器回归,本地相关套件已运行；独立 broker golden 2 项通过；完整 CI 尚待 PR
tests/integration/test_news_status_scale.py::_seed_production_sized_trace_corpus,364e0d9abdc5c1f2dcc27aa19c2bb0736b7fffaf,28-136,,DELETE,测试合同,改为当前公开合同或窄 tests/support owner；不再从 test_*.py 导入替身,相关 hermetic、PostgreSQL、API/CLI 与浏览器回归,本地相关套件已运行；独立 broker golden 2 项通过；完整 CI 尚待 PR
tests/integration/test_news_status_scale.py::test_news_status_serves_a_production_sized_corpus_within_the_native_timeout,364e0d9abdc5c1f2dcc27aa19c2bb0736b7fffaf,139-155,,DELETE,测试合同,改为当前公开合同或窄 tests/support owner；不再从 test_*.py 导入替身,相关 hermetic、PostgreSQL、API/CLI 与浏览器回归,本地相关套件已运行；独立 broker golden 2 项通过；完整 CI 尚待 PR
tests/integration/test_news_status_scale.py::test_news_status_serves_a_production_sized_current_event_corpus,364e0d9abdc5c1f2dcc27aa19c2bb0736b7fffaf,,67-83,REPLACE,测试合同,改为当前公开合同或窄 tests/support owner；不再从 test_*.py 导入替身,相关 hermetic、PostgreSQL、API/CLI 与浏览器回归,本地相关套件已运行；独立 broker golden 2 项通过；完整 CI 尚待 PR
tests/integration/test_news_v3_pipeline.py::test_a_typed_primary_survives_the_check_the_card_and_the_typed_quote_target,364e0d9abdc5c1f2dcc27aa19c2bb0736b7fffaf,2162-2321,2131-2288,REPLACE,测试合同,改为当前公开合同或窄 tests/support owner；不再从 test_*.py 导入替身,相关 hermetic、PostgreSQL、API/CLI 与浏览器回归,本地相关套件已运行；独立 broker golden 2 项通过；完整 CI 尚待 PR
tests/integration/test_news_v3_pipeline.py::test_delivery_begin_settle_and_ambiguous_after_crash,364e0d9abdc5c1f2dcc27aa19c2bb0736b7fffaf,363-552,364-551,REPLACE,测试合同,改为当前公开合同或窄 tests/support owner；不再从 test_*.py 导入替身,相关 hermetic、PostgreSQL、API/CLI 与浏览器回归,本地相关套件已运行；独立 broker golden 2 项通过；完整 CI 尚待 PR
tests/integration/test_news_v3_pipeline.py::test_delivery_begin_settle_and_ambiguous_after_crash._feed,364e0d9abdc5c1f2dcc27aa19c2bb0736b7fffaf,503-515,503-514,REPLACE,测试合同,改为当前公开合同或窄 tests/support owner；不再从 test_*.py 导入替身,相关 hermetic、PostgreSQL、API/CLI 与浏览器回归,本地相关套件已运行；独立 broker golden 2 项通过；完整 CI 尚待 PR
tests/integration/test_news_v3_pipeline.py::test_event_feed_funnel_tracks_one_opened_event_cohort_across_durable_stages,364e0d9abdc5c1f2dcc27aa19c2bb0736b7fffaf,1935-2002,1913-1973,REPLACE,测试合同,改为当前公开合同或窄 tests/support owner；不再从 test_*.py 导入替身,相关 hermetic、PostgreSQL、API/CLI 与浏览器回归,本地相关套件已运行；独立 broker golden 2 项通过；完整 CI 尚待 PR
tests/integration/test_news_v3_pipeline.py::test_explain_event_prints_the_chain_with_a_one_line_outcome,364e0d9abdc5c1f2dcc27aa19c2bb0736b7fffaf,1862-1880,1861-1880,REPLACE,测试合同,改为当前公开合同或窄 tests/support owner；不再从 test_*.py 导入替身,相关 hermetic、PostgreSQL、API/CLI 与浏览器回归,本地相关套件已运行；独立 broker golden 2 项通过；完整 CI 尚待 PR
tests/integration/test_news_v3_pipeline.py::test_feed_direction_and_event_kind_filters_compose_over_the_authoritative_query,364e0d9abdc5c1f2dcc27aa19c2bb0736b7fffaf,1883-1932,,DELETE,测试合同,改为当前公开合同或窄 tests/support owner；不再从 test_*.py 导入替身,相关 hermetic、PostgreSQL、API/CLI 与浏览器回归,本地相关套件已运行；独立 broker golden 2 项通过；完整 CI 尚待 PR
tests/integration/test_news_v3_pipeline.py::test_feed_direction_and_event_kind_filters_compose_over_the_authoritative_query.ids,364e0d9abdc5c1f2dcc27aa19c2bb0736b7fffaf,1909-1924,,DELETE,测试合同,改为当前公开合同或窄 tests/support owner；不再从 test_*.py 导入替身,相关 hermetic、PostgreSQL、API/CLI 与浏览器回归,本地相关套件已运行；独立 broker golden 2 项通过；完整 CI 尚待 PR
tests/integration/test_news_v3_pipeline.py::test_feed_event_kind_filters_compose_with_text_search,364e0d9abdc5c1f2dcc27aa19c2bb0736b7fffaf,,1883-1910,REPLACE,测试合同,改为当前公开合同或窄 tests/support owner；不再从 test_*.py 导入替身,相关 hermetic、PostgreSQL、API/CLI 与浏览器回归,本地相关套件已运行；独立 broker golden 2 项通过；完整 CI 尚待 PR
tests/integration/test_news_v3_pipeline.py::test_feed_event_kind_filters_compose_with_text_search.ids,364e0d9abdc5c1f2dcc27aa19c2bb0736b7fffaf,,1895-1905,REPLACE,测试合同,改为当前公开合同或窄 tests/support owner；不再从 test_*.py 导入替身,相关 hermetic、PostgreSQL、API/CLI 与浏览器回归,本地相关套件已运行；独立 broker golden 2 项通过；完整 CI 尚待 PR
tests/integration/test_news_v3_pipeline.py::test_feed_search_hard_cuts_asset_identity_from_full_text,364e0d9abdc5c1f2dcc27aa19c2bb0736b7fffaf,2056-2159,2026-2128,REPLACE,测试合同,改为当前公开合同或窄 tests/support owner；不再从 test_*.py 导入替身,相关 hermetic、PostgreSQL、API/CLI 与浏览器回归,本地相关套件已运行；独立 broker golden 2 项通过；完整 CI 尚待 PR
tests/integration/test_news_v3_pipeline.py::test_feed_search_hard_cuts_asset_identity_from_full_text.page,364e0d9abdc5c1f2dcc27aa19c2bb0736b7fffaf,2112-2131,2082-2100,REPLACE,测试合同,改为当前公开合同或窄 tests/support owner；不再从 test_*.py 导入替身,相关 hermetic、PostgreSQL、API/CLI 与浏览器回归,本地相关套件已运行；独立 broker golden 2 项通过；完整 CI 尚待 PR
tests/integration/test_news_v3_pipeline.py::test_the_symbol_filter_names_an_identity_rather_than_one_spelling,364e0d9abdc5c1f2dcc27aa19c2bb0736b7fffaf,2005-2053,1976-2023,REPLACE,测试合同,改为当前公开合同或窄 tests/support owner；不再从 test_*.py 导入替身,相关 hermetic、PostgreSQL、API/CLI 与浏览器回归,本地相关套件已运行；独立 broker golden 2 项通过；完整 CI 尚待 PR
tests/integration/test_news_v3_pipeline.py::test_the_symbol_filter_names_an_identity_rather_than_one_spelling._served,364e0d9abdc5c1f2dcc27aa19c2bb0736b7fffaf,2034-2045,2005-2015,REPLACE,测试合同,改为当前公开合同或窄 tests/support owner；不再从 test_*.py 导入替身,相关 hermetic、PostgreSQL、API/CLI 与浏览器回归,本地相关套件已运行；独立 broker golden 2 项通过；完整 CI 尚待 PR
tests/integration/test_news_v3_price.py::test_an_event_with_no_priceable_primary_has_no_aggregate_but_stays_visible,364e0d9abdc5c1f2dcc27aa19c2bb0736b7fffaf,874-899,793-815,REPLACE,测试合同,改为当前公开合同或窄 tests/support owner；不再从 test_*.py 导入替身,相关 hermetic、PostgreSQL、API/CLI 与浏览器回归,本地相关套件已运行；独立 broker golden 2 项通过；完整 CI 尚待 PR
tests/integration/test_news_v3_price.py::test_degraded_and_recovery_events_stay_out_of_the_scored_denominators,364e0d9abdc5c1f2dcc27aa19c2bb0736b7fffaf,837-850,,DELETE,测试合同,改为当前公开合同或窄 tests/support owner；不再从 test_*.py 导入替身,相关 hermetic、PostgreSQL、API/CLI 与浏览器回归,本地相关套件已运行；独立 broker golden 2 项通过；完整 CI 尚待 PR
tests/integration/test_news_v3_price.py::test_event_level_aggregate_contributes_one_sample_per_event,364e0d9abdc5c1f2dcc27aa19c2bb0736b7fffaf,853-871,776-790,REPLACE,测试合同,改为当前公开合同或窄 tests/support owner；不再从 test_*.py 导入替身,相关 hermetic、PostgreSQL、API/CLI 与浏览器回归,本地相关套件已运行；独立 broker golden 2 项通过；完整 CI 尚待 PR
tests/integration/test_news_v3_price.py::test_market_miss_queue_clusters_duplicate_events_into_one_fact,364e0d9abdc5c1f2dcc27aa19c2bb0736b7fffaf,810-834,,DELETE,测试合同,改为当前公开合同或窄 tests/support owner；不再从 test_*.py 导入替身,相关 hermetic、PostgreSQL、API/CLI 与浏览器回归,本地相关套件已运行；独立 broker golden 2 项通过；完整 CI 尚待 PR
tests/integration/test_news_v3_price.py::test_review_reports_coverage_and_potential_misses,364e0d9abdc5c1f2dcc27aa19c2bb0736b7fffaf,776-807,,DELETE,测试合同,改为当前公开合同或窄 tests/support owner；不再从 test_*.py 导入替身,相关 hermetic、PostgreSQL、API/CLI 与浏览器回归,本地相关套件已运行；独立 broker golden 2 项通过；完整 CI 尚待 PR
tests/integration/test_news_v3_price.py::test_the_review_window_is_bounded_by_the_requested_hours,364e0d9abdc5c1f2dcc27aa19c2bb0736b7fffaf,1019-1028,,DELETE,测试合同,改为当前公开合同或窄 tests/support owner；不再从 test_*.py 导入替身,相关 hermetic、PostgreSQL、API/CLI 与浏览器回归,本地相关套件已运行；独立 broker golden 2 项通过；完整 CI 尚待 PR
tests/integration/test_news_v3_price_scale.py::test_review_completes_under_the_serve_statement_timeout,364e0d9abdc5c1f2dcc27aa19c2bb0736b7fffaf,229-235,,DELETE,测试合同,改为当前公开合同或窄 tests/support owner；不再从 test_*.py 导入替身,相关 hermetic、PostgreSQL、API/CLI 与浏览器回归,本地相关套件已运行；独立 broker golden 2 项通过；完整 CI 尚待 PR
tests/integration/test_postgres_contract_authority.py::_current_review_payload,364e0d9abdc5c1f2dcc27aa19c2bb0736b7fffaf,106-138,,DELETE,测试合同,改为当前公开合同或窄 tests/support owner；不再从 test_*.py 导入替身,相关 hermetic、PostgreSQL、API/CLI 与浏览器回归,本地相关套件已运行；独立 broker golden 2 项通过；完整 CI 尚待 PR
tests/integration/test_postgres_contract_authority.py::_historical_review_payload,364e0d9abdc5c1f2dcc27aa19c2bb0736b7fffaf,,105-137,REPLACE,测试合同,改为当前公开合同或窄 tests/support owner；不再从 test_*.py 导入替身,相关 hermetic、PostgreSQL、API/CLI 与浏览器回归,本地相关套件已运行；独立 broker golden 2 项通过；完整 CI 尚待 PR
tests/integration/test_postgres_contract_authority.py::_review_row_accepted_by_python,364e0d9abdc5c1f2dcc27aa19c2bb0736b7fffaf,141-147,,DELETE,测试合同,改为当前公开合同或窄 tests/support owner；不再从 test_*.py 导入替身,相关 hermetic、PostgreSQL、API/CLI 与浏览器回归,本地相关套件已运行；独立 broker golden 2 项通过；完整 CI 尚待 PR
tests/integration/test_postgres_contract_authority.py::test_retained_json_validators_meet_native_insert_and_update_budget,364e0d9abdc5c1f2dcc27aa19c2bb0736b7fffaf,342-395,335-388,REPLACE,测试合同,改为当前公开合同或窄 tests/support owner；不再从 test_*.py 导入替身,相关 hermetic、PostgreSQL、API/CLI 与浏览器回归,本地相关套件已运行；独立 broker golden 2 项通过；完整 CI 尚待 PR
tests/integration/test_postgres_contract_authority.py::test_retained_telemetry_and_review_validators_match_python_owned_shapes,364e0d9abdc5c1f2dcc27aa19c2bb0736b7fffaf,249-339,239-332,REPLACE,测试合同,改为当前公开合同或窄 tests/support owner；不再从 test_*.py 导入替身,相关 hermetic、PostgreSQL、API/CLI 与浏览器回归,本地相关套件已运行；独立 broker golden 2 项通过；完整 CI 尚待 PR
tests/integration/test_postgres_schema_runtime.py::test_current_postgres_schema_is_news_v3_only,364e0d9abdc5c1f2dcc27aa19c2bb0736b7fffaf,17-204,17-205,REPLACE,测试合同,改为当前公开合同或窄 tests/support owner；不再从 test_*.py 导入替身,相关 hermetic、PostgreSQL、API/CLI 与浏览器回归,本地相关套件已运行；独立 broker golden 2 项通过；完整 CI 尚待 PR
tests/integration/test_trading_analysis_runner.py::_Analyst.assess,364e0d9abdc5c1f2dcc27aa19c2bb0736b7fffaf,94-115,,DELETE,测试合同,改为当前公开合同或窄 tests/support owner；不再从 test_*.py 导入替身,相关 hermetic、PostgreSQL、API/CLI 与浏览器回归,本地相关套件已运行；独立 broker golden 2 项通过；完整 CI 尚待 PR
tests/integration/test_trading_analysis_runner.py::_Market.fetch,364e0d9abdc5c1f2dcc27aa19c2bb0736b7fffaf,36-90,,DELETE,测试合同,改为当前公开合同或窄 tests/support owner；不再从 test_*.py 导入替身,相关 hermetic、PostgreSQL、API/CLI 与浏览器回归,本地相关套件已运行；独立 broker golden 2 项通过；完整 CI 尚待 PR
tests/integration/test_trading_analysis_storage.py::_selection,364e0d9abdc5c1f2dcc27aa19c2bb0736b7fffaf,145-168,,DELETE,测试合同,改为当前公开合同或窄 tests/support owner；不再从 test_*.py 导入替身,相关 hermetic、PostgreSQL、API/CLI 与浏览器回归,本地相关套件已运行；独立 broker golden 2 项通过；完整 CI 尚待 PR
tests/integration/test_trading_analysis_storage.py::test_historical_shadow_export_keeps_recorded_source,364e0d9abdc5c1f2dcc27aa19c2bb0736b7fffaf,171-313,,DELETE,测试合同,改为当前公开合同或窄 tests/support owner；不再从 test_*.py 导入替身,相关 hermetic、PostgreSQL、API/CLI 与浏览器回归,本地相关套件已运行；独立 broker golden 2 项通过；完整 CI 尚待 PR
tests/integration/test_trading_analysis_storage.py::test_price_path_v2_correction_appends_without_overwriting_v1,364e0d9abdc5c1f2dcc27aa19c2bb0736b7fffaf,413-517,,DELETE,测试合同,改为当前公开合同或窄 tests/support owner；不再从 test_*.py 导入替身,相关 hermetic、PostgreSQL、API/CLI 与浏览器回归,本地相关套件已运行；独立 broker golden 2 项通过；完整 CI 尚待 PR
tests/integration/test_trading_analysis_storage.py::test_watch_condition_creates_one_child_only_after_adjacent_closed_cross,364e0d9abdc5c1f2dcc27aa19c2bb0736b7fffaf,868-993,576-691,REPLACE,测试合同,改为当前公开合同或窄 tests/support owner；不再从 test_*.py 导入替身,相关 hermetic、PostgreSQL、API/CLI 与浏览器回归,本地相关套件已运行；独立 broker golden 2 项通过；完整 CI 尚待 PR
tests/integration/test_wallet_complete_prefix.py::test_actual_rpc_requests_are_bounded_for_full_topic_sets,364e0d9abdc5c1f2dcc27aa19c2bb0736b7fffaf,193-238,193-238,REPLACE,测试合同,改为当前公开合同或窄 tests/support owner；不再从 test_*.py 导入替身,相关 hermetic、PostgreSQL、API/CLI 与浏览器回归,本地相关套件已运行；独立 broker golden 2 项通过；完整 CI 尚待 PR
tests/integration/test_wallet_complete_prefix.py::test_missing_sell_never_creates_false_quorum_and_normal_receipts_reach_one_send,364e0d9abdc5c1f2dcc27aa19c2bb0736b7fffaf,112-189,112-189,REPLACE,测试合同,改为当前公开合同或窄 tests/support owner；不再从 test_*.py 导入替身,相关 hermetic、PostgreSQL、API/CLI 与浏览器回归,本地相关套件已运行；独立 broker golden 2 项通过；完整 CI 尚待 PR
tests/integration/test_wallet_complete_prefix.py::test_rpc_retry_after_blocks_requests_until_due_and_then_recovers,364e0d9abdc5c1f2dcc27aa19c2bb0736b7fffaf,241-284,241-284,REPLACE,测试合同,改为当前公开合同或窄 tests/support owner；不再从 test_*.py 导入替身,相关 hermetic、PostgreSQL、API/CLI 与浏览器回归,本地相关套件已运行；独立 broker golden 2 项通过；完整 CI 尚待 PR
tests/integration/test_wallet_membership_migration.py::test_membership_cutover_archives_statistics_repairs_unsafe_cursor_and_preserves_sent_evidence,364e0d9abdc5c1f2dcc27aa19c2bb0736b7fffaf,22-86,22-86,REPLACE,测试合同,改为当前公开合同或窄 tests/support owner；不再从 test_*.py 导入替身,相关 hermetic、PostgreSQL、API/CLI 与浏览器回归,本地相关套件已运行；独立 broker golden 2 项通过；完整 CI 尚待 PR
tests/integration/test_wallet_net_buy.py::Db.__init__,364e0d9abdc5c1f2dcc27aa19c2bb0736b7fffaf,80-82,,DELETE,测试合同,改为当前公开合同或窄 tests/support owner；不再从 test_*.py 导入替身,相关 hermetic、PostgreSQL、API/CLI 与浏览器回归,本地相关套件已运行；独立 broker golden 2 项通过；完整 CI 尚待 PR
tests/integration/test_wallet_net_buy.py::Db.quotes_for_symbols,364e0d9abdc5c1f2dcc27aa19c2bb0736b7fffaf,95-96,,DELETE,测试合同,改为当前公开合同或窄 tests/support owner；不再从 test_*.py 导入替身,相关 hermetic、PostgreSQL、API/CLI 与浏览器回归,本地相关套件已运行；独立 broker golden 2 项通过；完整 CI 尚待 PR
tests/integration/test_wallet_net_buy.py::Db.read,364e0d9abdc5c1f2dcc27aa19c2bb0736b7fffaf,84-85,,DELETE,测试合同,改为当前公开合同或窄 tests/support owner；不再从 test_*.py 导入替身,相关 hermetic、PostgreSQL、API/CLI 与浏览器回归,本地相关套件已运行；独立 broker golden 2 项通过；完整 CI 尚待 PR
tests/integration/test_wallet_net_buy.py::Db.tx,364e0d9abdc5c1f2dcc27aa19c2bb0736b7fffaf,87-93,,DELETE,测试合同,改为当前公开合同或窄 tests/support owner；不再从 test_*.py 导入替身,相关 hermetic、PostgreSQL、API/CLI 与浏览器回归,本地相关套件已运行；独立 broker golden 2 项通过；完整 CI 尚待 PR
tests/integration/test_wallet_net_buy.py::Sender.__init__,364e0d9abdc5c1f2dcc27aa19c2bb0736b7fffaf,102-103,,DELETE,测试合同,改为当前公开合同或窄 tests/support owner；不再从 test_*.py 导入替身,相关 hermetic、PostgreSQL、API/CLI 与浏览器回归,本地相关套件已运行；独立 broker golden 2 项通过；完整 CI 尚待 PR
tests/integration/test_wallet_net_buy.py::Sender.send_prepared_card,364e0d9abdc5c1f2dcc27aa19c2bb0736b7fffaf,105-107,,DELETE,测试合同,改为当前公开合同或窄 tests/support owner；不再从 test_*.py 导入替身,相关 hermetic、PostgreSQL、API/CLI 与浏览器回归,本地相关套件已运行；独立 broker golden 2 项通过；完整 CI 尚待 PR
tests/integration/test_wallet_net_buy.py::add_facts,364e0d9abdc5c1f2dcc27aa19c2bb0736b7fffaf,361-372,,DELETE,测试合同,改为当前公开合同或窄 tests/support owner；不再从 test_*.py 导入替身,相关 hermetic、PostgreSQL、API/CLI 与浏览器回归,本地相关套件已运行；独立 broker golden 2 项通过；完整 CI 尚待 PR
tests/integration/test_wallet_net_buy.py::events,364e0d9abdc5c1f2dcc27aa19c2bb0736b7fffaf,144-145,,DELETE,测试合同,改为当前公开合同或窄 tests/support owner；不再从 test_*.py 导入替身,相关 hermetic、PostgreSQL、API/CLI 与浏览器回归,本地相关套件已运行；独立 broker golden 2 项通过；完整 CI 尚待 PR
tests/integration/test_wallet_net_buy.py::fill,364e0d9abdc5c1f2dcc27aa19c2bb0736b7fffaf,36-69,,DELETE,测试合同,改为当前公开合同或窄 tests/support owner；不再从 test_*.py 导入替身,相关 hermetic、PostgreSQL、API/CLI 与浏览器回归,本地相关套件已运行；独立 broker golden 2 项通过；完整 CI 尚待 PR
tests/integration/test_wallet_net_buy.py::member,364e0d9abdc5c1f2dcc27aa19c2bb0736b7fffaf,72-76,,DELETE,测试合同,改为当前公开合同或窄 tests/support owner；不再从 test_*.py 导入替身,相关 hermetic、PostgreSQL、API/CLI 与浏览器回归,本地相关套件已运行；独立 broker golden 2 项通过；完整 CI 尚待 PR
tests/integration/test_wallet_net_buy.py::run,364e0d9abdc5c1f2dcc27aa19c2bb0736b7fffaf,148-151,,DELETE,测试合同,改为当前公开合同或窄 tests/support owner；不再从 test_*.py 导入替身,相关 hermetic、PostgreSQL、API/CLI 与浏览器回归,本地相关套件已运行；独立 broker golden 2 项通过；完整 CI 尚待 PR
tests/integration/test_wallet_net_buy.py::seed,364e0d9abdc5c1f2dcc27aa19c2bb0736b7fffaf,117-141,,DELETE,测试合同,改为当前公开合同或窄 tests/support owner；不再从 test_*.py 导入替身,相关 hermetic、PostgreSQL、API/CLI 与浏览器回归,本地相关套件已运行；独立 broker golden 2 项通过；完整 CI 尚待 PR
tests/integration/test_wallet_net_buy.py::test_explicit_not_sent_retry_preserves_frozen_snapshot_and_both_channel_serializers,364e0d9abdc5c1f2dcc27aa19c2bb0736b7fffaf,809-839,675-705,REPLACE,测试合同,改为当前公开合同或窄 tests/support owner；不再从 test_*.py 导入替身,相关 hermetic、PostgreSQL、API/CLI 与浏览器回归,本地相关套件已运行；独立 broker golden 2 项通过；完整 CI 尚待 PR
tests/integration/test_wallet_send_liveness.py::conn,364e0d9abdc5c1f2dcc27aa19c2bb0736b7fffaf,,45-48,REPLACE,测试合同,改为当前公开合同或窄 tests/support owner；不再从 test_*.py 导入替身,相关 hermetic、PostgreSQL、API/CLI 与浏览器回归,本地相关套件已运行；独立 broker golden 2 项通过；完整 CI 尚待 PR
tests/news/test_news_event_update_read.py::_outcome,364e0d9abdc5c1f2dcc27aa19c2bb0736b7fffaf,31-41,31-37,REPLACE,测试合同,改为当前公开合同或窄 tests/support owner；不再从 test_*.py 导入替身,相关 hermetic、PostgreSQL、API/CLI 与浏览器回归,本地相关套件已运行；独立 broker golden 2 项通过；完整 CI 尚待 PR
tests/news/test_news_event_update_read.py::test_a_legacy_verdict_outcome_is_untouched_by_the_update_path,364e0d9abdc5c1f2dcc27aa19c2bb0736b7fffaf,143-151,,DELETE,测试合同,改为当前公开合同或窄 tests/support owner；不再从 test_*.py 导入替身,相关 hermetic、PostgreSQL、API/CLI 与浏览器回归,本地相关套件已运行；独立 broker golden 2 项通过；完整 CI 尚待 PR
tests/news/test_news_event_update_read.py::test_source_only_event_keeps_actual_delivery_receipt_without_inventing_an_old_verdict,364e0d9abdc5c1f2dcc27aa19c2bb0736b7fffaf,,139-142,REPLACE,测试合同,改为当前公开合同或窄 tests/support owner；不再从 test_*.py 导入替身,相关 hermetic、PostgreSQL、API/CLI 与浏览器回归,本地相关套件已运行；独立 broker golden 2 项通过；完整 CI 尚待 PR
tests/news/test_news_event_update_read.py::test_the_timeline_narrates_evidence_semantics_the_plan_and_the_intent_in_clock_order,364e0d9abdc5c1f2dcc27aa19c2bb0736b7fffaf,261-339,252-328,REPLACE,测试合同,改为当前公开合同或窄 tests/support owner；不再从 test_*.py 导入替身,相关 hermetic、PostgreSQL、API/CLI 与浏览器回归,本地相关套件已运行；独立 broker golden 2 项通过；完整 CI 尚待 PR
tests/news/test_news_grounding.py::test_the_timeline_publishes_the_reading_beside_the_assets,364e0d9abdc5c1f2dcc27aa19c2bb0736b7fffaf,203-264,,DELETE,测试合同,改为当前公开合同或窄 tests/support owner；不再从 test_*.py 导入替身,相关 hermetic、PostgreSQL、API/CLI 与浏览器回归,本地相关套件已运行；独立 broker golden 2 项通过；完整 CI 尚待 PR
tests/news/test_news_review_cli.py::test_retired_event_submission_is_rejected_before_model_validation,364e0d9abdc5c1f2dcc27aa19c2bb0736b7fffaf,,77-99,REPLACE,测试合同,改为当前公开合同或窄 tests/support owner；不再从 test_*.py 导入替身,相关 hermetic、PostgreSQL、API/CLI 与浏览器回归,本地相关套件已运行；独立 broker golden 2 项通过；完整 CI 尚待 PR
tests/news/test_news_review_cli.py::test_review_submit_requires_and_uses_the_named_reviewer,364e0d9abdc5c1f2dcc27aa19c2bb0736b7fffaf,14-69,14-74,REPLACE,测试合同,改为当前公开合同或窄 tests/support owner；不再从 test_*.py 导入替身,相关 hermetic、PostgreSQL、API/CLI 与浏览器回归,本地相关套件已运行；独立 broker golden 2 项通过；完整 CI 尚待 PR
tests/news/test_news_review_cli.py::test_review_submit_requires_and_uses_the_named_reviewer._Submission.model_validate,364e0d9abdc5c1f2dcc27aa19c2bb0736b7fffaf,25-26,,DELETE,测试合同,改为当前公开合同或窄 tests/support owner；不再从 test_*.py 导入替身,相关 hermetic、PostgreSQL、API/CLI 与浏览器回归,本地相关套件已运行；独立 broker golden 2 项通过；完整 CI 尚待 PR
tests/news/test_news_review_contracts.py::test_decision_feedback_note_is_bounded_without_legacy_rubric,364e0d9abdc5c1f2dcc27aa19c2bb0736b7fffaf,,9-16,REPLACE,测试合同,改为当前公开合同或窄 tests/support owner；不再从 test_*.py 导入替身,相关 hermetic、PostgreSQL、API/CLI 与浏览器回归,本地相关套件已运行；独立 broker golden 2 项通过；完整 CI 尚待 PR
tests/news/test_news_review_contracts.py::test_evidence_refs_are_bounded_per_entry,364e0d9abdc5c1f2dcc27aa19c2bb0736b7fffaf,6-25,,DELETE,测试合同,改为当前公开合同或窄 tests/support owner；不再从 test_*.py 导入替身,相关 hermetic、PostgreSQL、API/CLI 与浏览器回归,本地相关套件已运行；独立 broker golden 2 项通过；完整 CI 尚待 PR
tests/news/test_news_review_selection.py::_row,364e0d9abdc5c1f2dcc27aa19c2bb0736b7fffaf,10-25,,DELETE,测试合同,改为当前公开合同或窄 tests/support owner；不再从 test_*.py 导入替身,相关 hermetic、PostgreSQL、API/CLI 与浏览器回归,本地相关套件已运行；独立 broker golden 2 项通过；完整 CI 尚待 PR
tests/news/test_news_review_selection.py::test_delivered_row_is_a_quality_sample_whatever_the_scope,364e0d9abdc5c1f2dcc27aa19c2bb0736b7fffaf,47-54,,DELETE,测试合同,改为当前公开合同或窄 tests/support owner；不再从 test_*.py 导入替身,相关 hermetic、PostgreSQL、API/CLI 与浏览器回归,本地相关套件已运行；独立 broker golden 2 项通过；完整 CI 尚待 PR
tests/news/test_news_review_selection.py::test_delivery_truth_opens_the_cascade,364e0d9abdc5c1f2dcc27aa19c2bb0736b7fffaf,78-86,,DELETE,测试合同,改为当前公开合同或窄 tests/support owner；不再从 test_*.py 导入替身,相关 hermetic、PostgreSQL、API/CLI 与浏览器回归,本地相关套件已运行；独立 broker golden 2 项通过；完整 CI 尚待 PR
tests/news/test_news_review_selection.py::test_escalate_is_always_reviewed,364e0d9abdc5c1f2dcc27aa19c2bb0736b7fffaf,63-68,,DELETE,测试合同,改为当前公开合同或窄 tests/support owner；不再从 test_*.py 导入替身,相关 hermetic、PostgreSQL、API/CLI 与浏览器回归,本地相关套件已运行；独立 broker golden 2 项通过；完整 CI 尚待 PR
tests/news/test_news_review_selection.py::test_model_drop_is_sampled_at_one_rate_whatever_the_scope,364e0d9abdc5c1f2dcc27aa19c2bb0736b7fffaf,29-43,,DELETE,测试合同,改为当前公开合同或窄 tests/support owner；不再从 test_*.py 导入替身,相关 hermetic、PostgreSQL、API/CLI 与浏览器回归,本地相关套件已运行；独立 broker golden 2 项通过；完整 CI 尚待 PR
tests/news/test_news_review_selection.py::test_queue_high_model_event_carries_no_sampling_authority,364e0d9abdc5c1f2dcc27aa19c2bb0736b7fffaf,57-60,,DELETE,测试合同,改为当前公开合同或窄 tests/support owner；不再从 test_*.py 导入替身,相关 hermetic、PostgreSQL、API/CLI 与浏览器回归,本地相关套件已运行；独立 broker golden 2 项通过；完整 CI 尚待 PR
tests/news/test_news_update_input_scope.py::test_scope_metadata_cannot_supply_a_fact_citation,364e0d9abdc5c1f2dcc27aa19c2bb0736b7fffaf,291-307,291-306,REPLACE,测试合同,改为当前公开合同或窄 tests/support owner；不再从 test_*.py 导入替身,相关 hermetic、PostgreSQL、API/CLI 与浏览器回归,本地相关套件已运行；独立 broker golden 2 项通过；完整 CI 尚待 PR
tests/news/test_news_v3_consumers.py::RecordingNews.__getattr__,364e0d9abdc5c1f2dcc27aa19c2bb0736b7fffaf,139-235,140-228,REPLACE,测试合同,改为当前公开合同或窄 tests/support owner；不再从 test_*.py 导入替身,相关 hermetic、PostgreSQL、API/CLI 与浏览器回归,本地相关套件已运行；独立 broker golden 2 项通过；完整 CI 尚待 PR
tests/news/test_news_v3_consumers.py::RecordingNews.__getattr__._call,364e0d9abdc5c1f2dcc27aa19c2bb0736b7fffaf,143-233,144-226,REPLACE,测试合同,改为当前公开合同或窄 tests/support owner；不再从 test_*.py 导入替身,相关 hermetic、PostgreSQL、API/CLI 与浏览器回归,本地相关套件已运行；独立 broker golden 2 项通过；完整 CI 尚待 PR
tests/news/test_news_v3_consumers.py::test_recording_news_rejects_unknown_operations,364e0d9abdc5c1f2dcc27aa19c2bb0736b7fffaf,,403-406,REPLACE,测试合同,改为当前公开合同或窄 tests/support owner；不再从 test_*.py 导入替身,相关 hermetic、PostgreSQL、API/CLI 与浏览器回归,本地相关套件已运行；独立 broker golden 2 项通过；完整 CI 尚待 PR
tests/news/test_news_v3_outcome.py::_status_inputs,364e0d9abdc5c1f2dcc27aa19c2bb0736b7fffaf,451-502,126-170,REPLACE,测试合同,改为当前公开合同或窄 tests/support owner；不再从 test_*.py 导入替身,相关 hermetic、PostgreSQL、API/CLI 与浏览器回归,本地相关套件已运行；独立 broker golden 2 项通过；完整 CI 尚待 PR
tests/news/test_news_v3_outcome.py::_triage,364e0d9abdc5c1f2dcc27aa19c2bb0736b7fffaf,28-39,,DELETE,测试合同,改为当前公开合同或窄 tests/support owner；不再从 test_*.py 导入替身,相关 hermetic、PostgreSQL、API/CLI 与浏览器回归,本地相关套件已运行；独立 broker golden 2 项通过；完整 CI 尚待 PR
tests/news/test_news_v3_outcome.py::test_event_outcome_covers_every_kind_in_priority_order,364e0d9abdc5c1f2dcc27aa19c2bb0736b7fffaf,137-146,,DELETE,测试合同,改为当前公开合同或窄 tests/support owner；不再从 test_*.py 导入替身,相关 hermetic、PostgreSQL、API/CLI 与浏览器回归,本地相关套件已运行；独立 broker golden 2 项通过；完整 CI 尚待 PR
tests/news/test_news_v3_outcome.py::test_expired_handoffs_are_terminal_held_outcomes,364e0d9abdc5c1f2dcc27aa19c2bb0736b7fffaf,208-232,,DELETE,测试合同,改为当前公开合同或窄 tests/support owner；不再从 test_*.py 导入替身,相关 hermetic、PostgreSQL、API/CLI 与浏览器回归,本地相关套件已运行；独立 broker golden 2 项通过；完整 CI 尚待 PR
tests/news/test_news_v3_outcome.py::test_handoff_deadline_boundary_is_still_pending_and_marker_wins,364e0d9abdc5c1f2dcc27aa19c2bb0736b7fffaf,235-257,,DELETE,测试合同,改为当前公开合同或窄 tests/support owner；不再从 test_*.py 导入替身,相关 hermetic、PostgreSQL、API/CLI 与浏览器回归,本地相关套件已运行；独立 broker golden 2 项通过；完整 CI 尚待 PR
tests/news/test_news_v3_outcome.py::test_news_why_names_the_restated_card_time_and_targeted_retrieval_reason,364e0d9abdc5c1f2dcc27aa19c2bb0736b7fffaf,391-420,,DELETE,测试合同,改为当前公开合同或窄 tests/support owner；不再从 test_*.py 导入替身,相关 hermetic、PostgreSQL、API/CLI 与浏览器回归,本地相关套件已运行；独立 broker golden 2 项通过；完整 CI 尚待 PR
tests/news/test_news_v3_outcome.py::test_outcome_reasons_are_chinese_never_bare_keys,364e0d9abdc5c1f2dcc27aa19c2bb0736b7fffaf,149-205,,DELETE,测试合同,改为当前公开合同或窄 tests/support owner；不再从 test_*.py 导入替身,相关 hermetic、PostgreSQL、API/CLI 与浏览器回归,本地相关套件已运行；独立 broker golden 2 项通过；完整 CI 尚待 PR
tests/news/test_news_v3_outcome.py::test_source_only_timeline_keeps_the_gate_and_a_historical_receipt,364e0d9abdc5c1f2dcc27aa19c2bb0736b7fffaf,,439-447,REPLACE,测试合同,改为当前公开合同或窄 tests/support owner；不再从 test_*.py 导入替身,相关 hermetic、PostgreSQL、API/CLI 与浏览器回归,本地相关套件已运行；独立 broker golden 2 项通过；完整 CI 尚待 PR
tests/news/test_news_v3_outcome.py::test_status_funnel_reads_the_single_event_cohort,364e0d9abdc5c1f2dcc27aa19c2bb0736b7fffaf,664-679,332-347,REPLACE,测试合同,改为当前公开合同或窄 tests/support owner；不再从 test_*.py 导入替身,相关 hermetic、PostgreSQL、API/CLI 与浏览器回归,本地相关套件已运行；独立 broker golden 2 项通过；完整 CI 尚待 PR
tests/news/test_news_v3_outcome.py::test_status_health_does_not_fall_back_to_throughput_counts,364e0d9abdc5c1f2dcc27aa19c2bb0736b7fffaf,682-698,350-365,REPLACE,测试合同,改为当前公开合同或窄 tests/support owner；不再从 test_*.py 导入替身,相关 hermetic、PostgreSQL、API/CLI 与浏览器回归,本地相关套件已运行；独立 broker golden 2 项通过；完整 CI 尚待 PR
tests/news/test_news_v3_outcome.py::test_status_health_is_green_with_funnel_and_named_reasons,364e0d9abdc5c1f2dcc27aa19c2bb0736b7fffaf,505-540,173-208,REPLACE,测试合同,改为当前公开合同或窄 tests/support owner；不再从 test_*.py 导入替身,相关 hermetic、PostgreSQL、API/CLI 与浏览器回归,本地相关套件已运行；独立 broker golden 2 项通过；完整 CI 尚待 PR
tests/news/test_news_v3_outcome.py::test_timeline_exposes_only_the_current_reader_headline,364e0d9abdc5c1f2dcc27aa19c2bb0736b7fffaf,772-777,,DELETE,测试合同,改为当前公开合同或窄 tests/support owner；不再从 test_*.py 导入替身,相关 hermetic、PostgreSQL、API/CLI 与浏览器回归,本地相关套件已运行；独立 broker golden 2 项通过；完整 CI 尚待 PR
tests/news/test_news_v3_outcome.py::test_timeline_for_a_recovery_event_stops_at_the_gate,364e0d9abdc5c1f2dcc27aa19c2bb0736b7fffaf,379-388,87-95,REPLACE,测试合同,改为当前公开合同或窄 tests/support owner；不再从 test_*.py 导入替身,相关 hermetic、PostgreSQL、API/CLI 与浏览器回归,本地相关套件已运行；独立 broker golden 2 项通过；完整 CI 尚待 PR
tests/news/test_news_v3_outcome.py::test_timeline_tells_the_story_in_order_with_chinese_summaries,364e0d9abdc5c1f2dcc27aa19c2bb0736b7fffaf,323-376,,DELETE,测试合同,改为当前公开合同或窄 tests/support owner；不再从 test_*.py 导入替身,相关 hermetic、PostgreSQL、API/CLI 与浏览器回归,本地相关套件已运行；独立 broker golden 2 项通过；完整 CI 尚待 PR
tests/news/test_news_v3_pure.py::test_the_verifier_reads_the_kind_the_policy_acted_on_not_the_one_the_model_wrote,364e0d9abdc5c1f2dcc27aa19c2bb0736b7fffaf,1495-1526,,DELETE,测试合同,改为当前公开合同或窄 tests/support owner；不再从 test_*.py 导入替身,相关 hermetic、PostgreSQL、API/CLI 与浏览器回归,本地相关套件已运行；独立 broker golden 2 项通过；完整 CI 尚待 PR
tests/news/test_published_news_gold_dataset.py::_walk,364e0d9abdc5c1f2dcc27aa19c2bb0736b7fffaf,20-29,,RETIRE,退役测试,断言已退役入口或静态副本；以当前主流程回归替代,删除旧断言；当前 Trading、News 与 OI 套件覆盖保留能力,退役断言不再收集；保留能力由现行测试验证
tests/news/test_published_news_gold_dataset.py::test_published_gold_corpus_identity_and_secret_boundary,364e0d9abdc5c1f2dcc27aa19c2bb0736b7fffaf,32-55,,RETIRE,退役测试,断言已退役入口或静态副本；以当前主流程回归替代,删除旧断言；当前 Trading、News 与 OI 套件覆盖保留能力,退役断言不再收集；保留能力由现行测试验证
tests/research/test_oi_research.py::_bar,364e0d9abdc5c1f2dcc27aa19c2bb0736b7fffaf,,51-68,REPLACE,测试合同,改为当前公开合同或窄 tests/support owner；不再从 test_*.py 导入替身,相关 hermetic、PostgreSQL、API/CLI 与浏览器回归,本地相关套件已运行；独立 broker golden 2 项通过；完整 CI 尚待 PR
tests/research/test_oi_research.py::_write_corpus,364e0d9abdc5c1f2dcc27aa19c2bb0736b7fffaf,,182-228,REPLACE,测试合同,改为当前公开合同或窄 tests/support owner；不再从 test_*.py 导入替身,相关 hermetic、PostgreSQL、API/CLI 与浏览器回归,本地相关套件已运行；独立 broker golden 2 项通过；完整 CI 尚待 PR
tests/research/test_oi_research.py::test_a_gap_through_the_stop_fills_at_the_open_not_at_the_stop_price,364e0d9abdc5c1f2dcc27aa19c2bb0736b7fffaf,,102-111,REPLACE,测试合同,改为当前公开合同或窄 tests/support owner；不再从 test_*.py 导入替身,相关 hermetic、PostgreSQL、API/CLI 与浏览器回归,本地相关套件已运行；独立 broker golden 2 项通过；完整 CI 尚待 PR
tests/research/test_oi_research.py::test_a_hole_in_the_provider_series_makes_its_dependants_unmeasured,364e0d9abdc5c1f2dcc27aa19c2bb0736b7fffaf,,287-311,REPLACE,测试合同,改为当前公开合同或窄 tests/support owner；不再从 test_*.py 导入替身,相关 hermetic、PostgreSQL、API/CLI 与浏览器回归,本地相关套件已运行；独立 broker golden 2 项通过；完整 CI 尚待 PR
tests/research/test_oi_research.py::test_a_position_that_never_trades_down_exits_at_the_holding_period_close,364e0d9abdc5c1f2dcc27aa19c2bb0736b7fffaf,,74-82,REPLACE,测试合同,改为当前公开合同或窄 tests/support owner；不再从 test_*.py 导入替身,相关 hermetic、PostgreSQL、API/CLI 与浏览器回归,本地相关套件已运行；独立 broker golden 2 项通过；完整 CI 尚待 PR
tests/research/test_oi_research.py::test_a_sealed_payload_that_no_longer_hashes_to_its_digest_is_refused,364e0d9abdc5c1f2dcc27aa19c2bb0736b7fffaf,,231-243,REPLACE,测试合同,改为当前公开合同或窄 tests/support owner；不再从 test_*.py 导入替身,相关 hermetic、PostgreSQL、API/CLI 与浏览器回归,本地相关套件已运行；独立 broker golden 2 项通过；完整 CI 尚待 PR
tests/research/test_oi_research.py::test_corpus_pull_bounds_inflight_requests_and_keeps_its_fixed_window,364e0d9abdc5c1f2dcc27aa19c2bb0736b7fffaf,,339-383,REPLACE,测试合同,改为当前公开合同或窄 tests/support owner；不再从 test_*.py 导入替身,相关 hermetic、PostgreSQL、API/CLI 与浏览器回归,本地相关套件已运行；独立 broker golden 2 项通过；完整 CI 尚待 PR
tests/research/test_oi_research.py::test_corpus_pull_bounds_inflight_requests_and_keeps_its_fixed_window.client,364e0d9abdc5c1f2dcc27aa19c2bb0736b7fffaf,,344-346,REPLACE,测试合同,改为当前公开合同或窄 tests/support owner；不再从 test_*.py 导入替身,相关 hermetic、PostgreSQL、API/CLI 与浏览器回归,本地相关套件已运行；独立 broker golden 2 项通过；完整 CI 尚待 PR
tests/research/test_oi_research.py::test_corpus_pull_bounds_inflight_requests_and_keeps_its_fixed_window.fetch,364e0d9abdc5c1f2dcc27aa19c2bb0736b7fffaf,,351-360,REPLACE,测试合同,改为当前公开合同或窄 tests/support owner；不再从 test_*.py 导入替身,相关 hermetic、PostgreSQL、API/CLI 与浏览器回归,本地相关套件已运行；独立 broker golden 2 项通过；完整 CI 尚待 PR
tests/research/test_oi_research.py::test_corpus_pull_bounds_inflight_requests_and_keeps_its_fixed_window.universe,364e0d9abdc5c1f2dcc27aa19c2bb0736b7fffaf,,348-349,REPLACE,测试合同,改为当前公开合同或窄 tests/support owner；不再从 test_*.py 导入替身,相关 hermetic、PostgreSQL、API/CLI 与浏览器回归,本地相关套件已运行；独立 broker golden 2 项通过；完整 CI 尚待 PR
tests/research/test_oi_research.py::test_corpus_pull_cancels_and_awaits_sibling_on_provider_failure,364e0d9abdc5c1f2dcc27aa19c2bb0736b7fffaf,,386-415,REPLACE,测试合同,改为当前公开合同或窄 tests/support owner；不再从 test_*.py 导入替身,相关 hermetic、PostgreSQL、API/CLI 与浏览器回归,本地相关套件已运行；独立 broker golden 2 项通过；完整 CI 尚待 PR
tests/research/test_oi_research.py::test_corpus_pull_cancels_and_awaits_sibling_on_provider_failure.candle,364e0d9abdc5c1f2dcc27aa19c2bb0736b7fffaf,,401-406,REPLACE,测试合同,改为当前公开合同或窄 tests/support owner；不再从 test_*.py 导入替身,相关 hermetic、PostgreSQL、API/CLI 与浏览器回归,本地相关套件已运行；独立 broker golden 2 项通过；完整 CI 尚待 PR
tests/research/test_oi_research.py::test_corpus_pull_cancels_and_awaits_sibling_on_provider_failure.client,364e0d9abdc5c1f2dcc27aa19c2bb0736b7fffaf,,391-392,REPLACE,测试合同,改为当前公开合同或窄 tests/support owner；不再从 test_*.py 导入替身,相关 hermetic、PostgreSQL、API/CLI 与浏览器回归,本地相关套件已运行；独立 broker golden 2 项通过；完整 CI 尚待 PR
tests/research/test_oi_research.py::test_corpus_pull_cancels_and_awaits_sibling_on_provider_failure.oi,364e0d9abdc5c1f2dcc27aa19c2bb0736b7fffaf,,397-399,REPLACE,测试合同,改为当前公开合同或窄 tests/support owner；不再从 test_*.py 导入替身,相关 hermetic、PostgreSQL、API/CLI 与浏览器回归,本地相关套件已运行；独立 broker golden 2 项通过；完整 CI 尚待 PR
tests/research/test_oi_research.py::test_corpus_pull_cancels_and_awaits_sibling_on_provider_failure.universe,364e0d9abdc5c1f2dcc27aa19c2bb0736b7fffaf,,394-395,REPLACE,测试合同,改为当前公开合同或窄 tests/support owner；不再从 test_*.py 导入替身,相关 hermetic、PostgreSQL、API/CLI 与浏览器回归,本地相关套件已运行；独立 broker golden 2 项通过；完整 CI 尚待 PR
tests/research/test_oi_research.py::test_costs_are_charged_once_on_the_round_trip,364e0d9abdc5c1f2dcc27aa19c2bb0736b7fffaf,,314-326,REPLACE,测试合同,改为当前公开合同或窄 tests/support owner；不再从 test_*.py 导入替身,相关 hermetic、PostgreSQL、API/CLI 与浏览器回归,本地相关套件已运行；独立 broker golden 2 项通过；完整 CI 尚待 PR
tests/research/test_oi_research.py::test_one_event_per_symbol_per_day_keeps_the_first,364e0d9abdc5c1f2dcc27aa19c2bb0736b7fffaf,,134-150,REPLACE,测试合同,改为当前公开合同或窄 tests/support owner；不再从 test_*.py 导入替身,相关 hermetic、PostgreSQL、API/CLI 与浏览器回归,本地相关套件已运行；独立 broker golden 2 项通过；完整 CI 尚待 PR
tests/research/test_oi_research.py::test_score_counts_a_win_after_costs_not_before,364e0d9abdc5c1f2dcc27aa19c2bb0736b7fffaf,,156-161,REPLACE,测试合同,改为当前公开合同或窄 tests/support owner；不再从 test_*.py 导入替身,相关 hermetic、PostgreSQL、API/CLI 与浏览器回归,本地相关套件已运行；独立 broker golden 2 项通过；完整 CI 尚待 PR
tests/research/test_oi_research.py::test_sealing_the_same_corpus_twice_gives_it_the_same_identity,364e0d9abdc5c1f2dcc27aa19c2bb0736b7fffaf,,246-259,REPLACE,测试合同,改为当前公开合同或窄 tests/support owner；不再从 test_*.py 导入替身,相关 hermetic、PostgreSQL、API/CLI 与浏览器回归,本地相关套件已运行；独立 broker golden 2 项通过；完整 CI 尚待 PR
tests/research/test_oi_research.py::test_the_corpus_window_is_aligned_to_the_five_minute_grid,364e0d9abdc5c1f2dcc27aa19c2bb0736b7fffaf,,329-336,REPLACE,测试合同,改为当前公开合同或窄 tests/support owner；不再从 test_*.py 导入替身,相关 hermetic、PostgreSQL、API/CLI 与浏览器回归,本地相关套件已运行；独立 broker golden 2 项通过；完整 CI 尚待 PR
tests/research/test_oi_research.py::test_the_liquidity_floor_refuses_below_the_deployed_admission_gate,364e0d9abdc5c1f2dcc27aa19c2bb0736b7fffaf,,128-131,REPLACE,测试合同,改为当前公开合同或窄 tests/support owner；不再从 test_*.py 导入替身,相关 hermetic、PostgreSQL、API/CLI 与浏览器回归,本地相关套件已运行；独立 broker golden 2 项通过；完整 CI 尚待 PR
tests/research/test_oi_research.py::test_the_permutation_is_reproducible_from_its_seed,364e0d9abdc5c1f2dcc27aa19c2bb0736b7fffaf,,173-176,REPLACE,测试合同,改为当前公开合同或窄 tests/support owner；不再从 test_*.py 导入替身,相关 hermetic、PostgreSQL、API/CLI 与浏览器回归,本地相关套件已运行；独立 broker golden 2 项通过；完整 CI 尚待 PR
tests/research/test_oi_research.py::test_the_permutation_null_is_the_same_universe_and_never_reports_exactly_zero,364e0d9abdc5c1f2dcc27aa19c2bb0736b7fffaf,,164-170,REPLACE,测试合同,改为当前公开合同或窄 tests/support owner；不再从 test_*.py 导入替身,相关 hermetic、PostgreSQL、API/CLI 与浏览器回归,本地相关套件已运行；独立 broker golden 2 项通过；完整 CI 尚待 PR
tests/research/test_oi_research.py::test_the_price_band_is_inclusive_at_both_ends_and_refuses_an_unmeasured_bar,364e0d9abdc5c1f2dcc27aa19c2bb0736b7fffaf,,117-125,REPLACE,测试合同,改为当前公开合同或窄 tests/support owner；不再从 test_*.py 导入替身,相关 hermetic、PostgreSQL、API/CLI 与浏览器回归,本地相关套件已运行；独立 broker golden 2 项通过；完整 CI 尚待 PR
tests/research/test_oi_research.py::test_the_replay_reads_only_features_that_precede_its_own_entry,364e0d9abdc5c1f2dcc27aa19c2bb0736b7fffaf,,262-284,REPLACE,测试合同,改为当前公开合同或窄 tests/support owner；不再从 test_*.py 导入替身,相关 hermetic、PostgreSQL、API/CLI 与浏览器回归,本地相关套件已运行；独立 broker golden 2 项通过；完整 CI 尚待 PR
tests/research/test_oi_research.py::test_the_stop_fires_on_a_low_and_not_on_a_close,364e0d9abdc5c1f2dcc27aa19c2bb0736b7fffaf,,85-99,REPLACE,测试合同,改为当前公开合同或窄 tests/support owner；不再从 test_*.py 导入替身,相关 hermetic、PostgreSQL、API/CLI 与浏览器回归,本地相关套件已运行；独立 broker golden 2 项通过；完整 CI 尚待 PR
tests/support/cli_config.py::write_runtime_config,364e0d9abdc5c1f2dcc27aa19c2bb0736b7fffaf,,8-33,REPLACE,测试合同,改为当前公开合同或窄 tests/support owner；不再从 test_*.py 导入替身,相关 hermetic、PostgreSQL、API/CLI 与浏览器回归,本地相关套件已运行；独立 broker golden 2 项通过；完整 CI 尚待 PR
tests/support/market_oi.py::_oi_item,364e0d9abdc5c1f2dcc27aa19c2bb0736b7fffaf,,13-18,REPLACE,测试合同,改为当前公开合同或窄 tests/support owner；不再从 test_*.py 导入替身,相关 hermetic、PostgreSQL、API/CLI 与浏览器回归,本地相关套件已运行；独立 broker golden 2 项通过；完整 CI 尚待 PR
tests/support/market_oi.py::_write_oi,364e0d9abdc5c1f2dcc27aa19c2bb0736b7fffaf,,21-68,REPLACE,测试合同,改为当前公开合同或窄 tests/support owner；不再从 test_*.py 导入替身,相关 hermetic、PostgreSQL、API/CLI 与浏览器回归,本地相关套件已运行；独立 broker golden 2 项通过；完整 CI 尚待 PR
tests/support/news_legacy_storage.py::_persist_triage_verdict,364e0d9abdc5c1f2dcc27aa19c2bb0736b7fffaf,,217-283,REPLACE,测试合同,改为当前公开合同或窄 tests/support owner；不再从 test_*.py 导入替身,相关 hermetic、PostgreSQL、API/CLI 与浏览器回归,本地相关套件已运行；独立 broker golden 2 项通过；完整 CI 尚待 PR
tests/support/telegram.py::_preflight_response,364e0d9abdc5c1f2dcc27aa19c2bb0736b7fffaf,,21-43,REPLACE,测试合同,改为当前公开合同或窄 tests/support owner；不再从 test_*.py 导入替身,相关 hermetic、PostgreSQL、API/CLI 与浏览器回归,本地相关套件已运行；独立 broker golden 2 项通过；完整 CI 尚待 PR
tests/support/telegram.py::_sent_text,364e0d9abdc5c1f2dcc27aa19c2bb0736b7fffaf,,46-69,REPLACE,测试合同,改为当前公开合同或窄 tests/support owner；不再从 test_*.py 导入替身,相关 hermetic、PostgreSQL、API/CLI 与浏览器回归,本地相关套件已运行；独立 broker golden 2 项通过；完整 CI 尚待 PR
tests/support/telegram.py::_sent_text.handle,364e0d9abdc5c1f2dcc27aa19c2bb0736b7fffaf,,51-59,REPLACE,测试合同,改为当前公开合同或窄 tests/support owner；不再从 test_*.py 导入替身,相关 hermetic、PostgreSQL、API/CLI 与浏览器回归,本地相关套件已运行；独立 broker golden 2 项通过；完整 CI 尚待 PR
tests/support/trading_analysis.py::_Analyst.assess,364e0d9abdc5c1f2dcc27aa19c2bb0736b7fffaf,,100-121,REPLACE,测试合同,改为当前公开合同或窄 tests/support owner；不再从 test_*.py 导入替身,相关 hermetic、PostgreSQL、API/CLI 与浏览器回归,本地相关套件已运行；独立 broker golden 2 项通过；完整 CI 尚待 PR
tests/support/trading_analysis.py::_Market.fetch,364e0d9abdc5c1f2dcc27aa19c2bb0736b7fffaf,,42-96,REPLACE,测试合同,改为当前公开合同或窄 tests/support owner；不再从 test_*.py 导入替身,相关 hermetic、PostgreSQL、API/CLI 与浏览器回归,本地相关套件已运行；独立 broker golden 2 项通过；完整 CI 尚待 PR
tests/support/trading_analysis.py::_selection,364e0d9abdc5c1f2dcc27aa19c2bb0736b7fffaf,,15-38,REPLACE,测试合同,改为当前公开合同或窄 tests/support owner；不再从 test_*.py 导入替身,相关 hermetic、PostgreSQL、API/CLI 与浏览器回归,本地相关套件已运行；独立 broker golden 2 项通过；完整 CI 尚待 PR
tests/support/wallet_chain.py::_Chain.__init__,364e0d9abdc5c1f2dcc27aa19c2bb0736b7fffaf,,182-201,REPLACE,测试合同,改为当前公开合同或窄 tests/support owner；不再从 test_*.py 导入替身,相关 hermetic、PostgreSQL、API/CLI 与浏览器回归,本地相关套件已运行；独立 broker golden 2 项通过；完整 CI 尚待 PR
tests/support/wallet_chain.py::_Chain.block_number,364e0d9abdc5c1f2dcc27aa19c2bb0736b7fffaf,,203-204,REPLACE,测试合同,改为当前公开合同或窄 tests/support owner；不再从 test_*.py 导入替身,相关 hermetic、PostgreSQL、API/CLI 与浏览器回归,本地相关套件已运行；独立 broker golden 2 项通过；完整 CI 尚待 PR
tests/support/wallet_chain.py::_Chain.block_timestamp_ms,364e0d9abdc5c1f2dcc27aa19c2bb0736b7fffaf,,237-239,REPLACE,测试合同,改为当前公开合同或窄 tests/support owner；不再从 test_*.py 导入替身,相关 hermetic、PostgreSQL、API/CLI 与浏览器回归,本地相关套件已运行；独立 broker golden 2 项通过；完整 CI 尚待 PR
tests/support/wallet_chain.py::_Chain.logs,364e0d9abdc5c1f2dcc27aa19c2bb0736b7fffaf,,206-229,REPLACE,测试合同,改为当前公开合同或窄 tests/support owner；不再从 test_*.py 导入替身,相关 hermetic、PostgreSQL、API/CLI 与浏览器回归,本地相关套件已运行；独立 broker golden 2 项通过；完整 CI 尚待 PR
tests/support/wallet_chain.py::_Chain.receipt,364e0d9abdc5c1f2dcc27aa19c2bb0736b7fffaf,,231-235,REPLACE,测试合同,改为当前公开合同或窄 tests/support owner；不再从 test_*.py 导入替身,相关 hermetic、PostgreSQL、API/CLI 与浏览器回归,本地相关套件已运行；独立 broker golden 2 项通过；完整 CI 尚待 PR
tests/support/wallet_chain.py::_Chain.token,364e0d9abdc5c1f2dcc27aa19c2bb0736b7fffaf,,244-248,REPLACE,测试合同,改为当前公开合同或窄 tests/support owner；不再从 test_*.py 导入替身,相关 hermetic、PostgreSQL、API/CLI 与浏览器回归,本地相关套件已运行；独立 broker golden 2 项通过；完整 CI 尚待 PR
tests/support/wallet_chain.py::_Chain.token_decimals,364e0d9abdc5c1f2dcc27aa19c2bb0736b7fffaf,,241-242,REPLACE,测试合同,改为当前公开合同或窄 tests/support owner；不再从 test_*.py 导入替身,相关 hermetic、PostgreSQL、API/CLI 与浏览器回归,本地相关套件已运行；独立 broker golden 2 项通过；完整 CI 尚待 PR
tests/support/wallet_chain.py::_Db.__init__,364e0d9abdc5c1f2dcc27aa19c2bb0736b7fffaf,,40-45,REPLACE,测试合同,改为当前公开合同或窄 tests/support owner；不再从 test_*.py 导入替身,相关 hermetic、PostgreSQL、API/CLI 与浏览器回归,本地相关套件已运行；独立 broker golden 2 项通过；完整 CI 尚待 PR
tests/support/wallet_chain.py::_Db.read,364e0d9abdc5c1f2dcc27aa19c2bb0736b7fffaf,,47-51,REPLACE,测试合同,改为当前公开合同或窄 tests/support owner；不再从 test_*.py 导入替身,相关 hermetic、PostgreSQL、API/CLI 与浏览器回归,本地相关套件已运行；独立 broker golden 2 项通过；完整 CI 尚待 PR
tests/support/wallet_chain.py::_Db.tx,364e0d9abdc5c1f2dcc27aa19c2bb0736b7fffaf,,53-59,REPLACE,测试合同,改为当前公开合同或窄 tests/support owner；不再从 test_*.py 导入替身,相关 hermetic、PostgreSQL、API/CLI 与浏览器回归,本地相关套件已运行；独立 broker golden 2 项通过；完整 CI 尚待 PR
tests/support/wallet_chain.py::_fills,364e0d9abdc5c1f2dcc27aa19c2bb0736b7fffaf,,291-301,REPLACE,测试合同,改为当前公开合同或窄 tests/support owner；不再从 test_*.py 导入替身,相关 hermetic、PostgreSQL、API/CLI 与浏览器回归,本地相关套件已运行；独立 broker golden 2 项通过；完整 CI 尚待 PR
tests/support/wallet_chain.py::_loop,364e0d9abdc5c1f2dcc27aa19c2bb0736b7fffaf,,268-276,REPLACE,测试合同,改为当前公开合同或窄 tests/support owner；不再从 test_*.py 导入替身,相关 hermetic、PostgreSQL、API/CLI 与浏览器回归,本地相关套件已运行；独立 broker golden 2 项通过；完整 CI 尚待 PR
tests/support/wallet_chain.py::_member,364e0d9abdc5c1f2dcc27aa19c2bb0736b7fffaf,,251-255,REPLACE,测试合同,改为当前公开合同或窄 tests/support owner；不再从 test_*.py 导入替身,相关 hermetic、PostgreSQL、API/CLI 与浏览器回归,本地相关套件已运行；独立 broker golden 2 项通过；完整 CI 尚待 PR
tests/support/wallet_chain.py::_receipt,364e0d9abdc5c1f2dcc27aa19c2bb0736b7fffaf,,92-116,REPLACE,测试合同,改为当前公开合同或窄 tests/support owner；不再从 test_*.py 导入替身,相关 hermetic、PostgreSQL、API/CLI 与浏览器回归,本地相关套件已运行；独立 broker golden 2 项通过；完整 CI 尚待 PR
tests/support/wallet_chain.py::_recorded,364e0d9abdc5c1f2dcc27aa19c2bb0736b7fffaf,,133-135,REPLACE,测试合同,改为当前公开合同或窄 tests/support owner；不再从 test_*.py 导入替身,相关 hermetic、PostgreSQL、API/CLI 与浏览器回归,本地相关套件已运行；独立 broker golden 2 项通过；完整 CI 尚待 PR
tests/support/wallet_chain.py::_removed,364e0d9abdc5c1f2dcc27aa19c2bb0736b7fffaf,,119-130,REPLACE,测试合同,改为当前公开合同或窄 tests/support owner；不再从 test_*.py 导入替身,相关 hermetic、PostgreSQL、API/CLI 与浏览器回归,本地相关套件已运行；独立 broker golden 2 项通过；完整 CI 尚待 PR
tests/support/wallet_chain.py::_seed_cursor,364e0d9abdc5c1f2dcc27aa19c2bb0736b7fffaf,,279-288,REPLACE,测试合同,改为当前公开合同或窄 tests/support owner；不再从 test_*.py 导入替身,相关 hermetic、PostgreSQL、API/CLI 与浏览器回归,本地相关套件已运行；独立 broker golden 2 项通过；完整 CI 尚待 PR
tests/support/wallet_chain.py::_seed_roster,364e0d9abdc5c1f2dcc27aa19c2bb0736b7fffaf,,258-265,REPLACE,测试合同,改为当前公开合同或窄 tests/support owner；不再从 test_*.py 导入替身,相关 hermetic、PostgreSQL、API/CLI 与浏览器回归,本地相关套件已运行；独立 broker golden 2 项通过；完整 CI 尚待 PR
tests/support/wallet_chain.py::_state,364e0d9abdc5c1f2dcc27aa19c2bb0736b7fffaf,,304-306,REPLACE,测试合同,改为当前公开合同或窄 tests/support owner；不再从 test_*.py 导入替身,相关 hermetic、PostgreSQL、API/CLI 与浏览器回归,本地相关套件已运行；独立 broker golden 2 项通过；完整 CI 尚待 PR
tests/support/wallet_chain.py::_synthetic_receipt,364e0d9abdc5c1f2dcc27aa19c2bb0736b7fffaf,,138-174,REPLACE,测试合同,改为当前公开合同或窄 tests/support owner；不再从 test_*.py 导入替身,相关 hermetic、PostgreSQL、API/CLI 与浏览器回归,本地相关套件已运行；独立 broker golden 2 项通过；完整 CI 尚待 PR
tests/support/wallet_net_buy.py::Db.__init__,364e0d9abdc5c1f2dcc27aa19c2bb0736b7fffaf,,72-74,REPLACE,测试合同,改为当前公开合同或窄 tests/support owner；不再从 test_*.py 导入替身,相关 hermetic、PostgreSQL、API/CLI 与浏览器回归,本地相关套件已运行；独立 broker golden 2 项通过；完整 CI 尚待 PR
tests/support/wallet_net_buy.py::Db.quotes_for_symbols,364e0d9abdc5c1f2dcc27aa19c2bb0736b7fffaf,,87-88,REPLACE,测试合同,改为当前公开合同或窄 tests/support owner；不再从 test_*.py 导入替身,相关 hermetic、PostgreSQL、API/CLI 与浏览器回归,本地相关套件已运行；独立 broker golden 2 项通过；完整 CI 尚待 PR
tests/support/wallet_net_buy.py::Db.read,364e0d9abdc5c1f2dcc27aa19c2bb0736b7fffaf,,76-77,REPLACE,测试合同,改为当前公开合同或窄 tests/support owner；不再从 test_*.py 导入替身,相关 hermetic、PostgreSQL、API/CLI 与浏览器回归,本地相关套件已运行；独立 broker golden 2 项通过；完整 CI 尚待 PR
tests/support/wallet_net_buy.py::Db.tx,364e0d9abdc5c1f2dcc27aa19c2bb0736b7fffaf,,79-85,REPLACE,测试合同,改为当前公开合同或窄 tests/support owner；不再从 test_*.py 导入替身,相关 hermetic、PostgreSQL、API/CLI 与浏览器回归,本地相关套件已运行；独立 broker golden 2 项通过；完整 CI 尚待 PR
tests/support/wallet_net_buy.py::Sender.__init__,364e0d9abdc5c1f2dcc27aa19c2bb0736b7fffaf,,94-95,REPLACE,测试合同,改为当前公开合同或窄 tests/support owner；不再从 test_*.py 导入替身,相关 hermetic、PostgreSQL、API/CLI 与浏览器回归,本地相关套件已运行；独立 broker golden 2 项通过；完整 CI 尚待 PR
tests/support/wallet_net_buy.py::Sender.send_prepared_card,364e0d9abdc5c1f2dcc27aa19c2bb0736b7fffaf,,97-99,REPLACE,测试合同,改为当前公开合同或窄 tests/support owner；不再从 test_*.py 导入替身,相关 hermetic、PostgreSQL、API/CLI 与浏览器回归,本地相关套件已运行；独立 broker golden 2 项通过；完整 CI 尚待 PR
tests/support/wallet_net_buy.py::add_facts,364e0d9abdc5c1f2dcc27aa19c2bb0736b7fffaf,,139-150,REPLACE,测试合同,改为当前公开合同或窄 tests/support owner；不再从 test_*.py 导入替身,相关 hermetic、PostgreSQL、API/CLI 与浏览器回归,本地相关套件已运行；独立 broker golden 2 项通过；完整 CI 尚待 PR
tests/support/wallet_net_buy.py::events,364e0d9abdc5c1f2dcc27aa19c2bb0736b7fffaf,,129-130,REPLACE,测试合同,改为当前公开合同或窄 tests/support owner；不再从 test_*.py 导入替身,相关 hermetic、PostgreSQL、API/CLI 与浏览器回归,本地相关套件已运行；独立 broker golden 2 项通过；完整 CI 尚待 PR
tests/support/wallet_net_buy.py::fill,364e0d9abdc5c1f2dcc27aa19c2bb0736b7fffaf,,28-61,REPLACE,测试合同,改为当前公开合同或窄 tests/support owner；不再从 test_*.py 导入替身,相关 hermetic、PostgreSQL、API/CLI 与浏览器回归,本地相关套件已运行；独立 broker golden 2 项通过；完整 CI 尚待 PR
tests/support/wallet_net_buy.py::member,364e0d9abdc5c1f2dcc27aa19c2bb0736b7fffaf,,64-68,REPLACE,测试合同,改为当前公开合同或窄 tests/support owner；不再从 test_*.py 导入替身,相关 hermetic、PostgreSQL、API/CLI 与浏览器回归,本地相关套件已运行；独立 broker golden 2 项通过；完整 CI 尚待 PR
tests/support/wallet_net_buy.py::run,364e0d9abdc5c1f2dcc27aa19c2bb0736b7fffaf,,133-136,REPLACE,测试合同,改为当前公开合同或窄 tests/support owner；不再从 test_*.py 导入替身,相关 hermetic、PostgreSQL、API/CLI 与浏览器回归,本地相关套件已运行；独立 broker golden 2 项通过；完整 CI 尚待 PR
tests/support/wallet_net_buy.py::seed,364e0d9abdc5c1f2dcc27aa19c2bb0736b7fffaf,,102-126,REPLACE,测试合同,改为当前公开合同或窄 tests/support owner；不再从 test_*.py 导入替身,相关 hermetic、PostgreSQL、API/CLI 与浏览器回归,本地相关套件已运行；独立 broker golden 2 项通过；完整 CI 尚待 PR
tests/test_telegram_push.py::_preflight_response,364e0d9abdc5c1f2dcc27aa19c2bb0736b7fffaf,58-80,,DELETE,测试合同,改为当前公开合同或窄 tests/support owner；不再从 test_*.py 导入替身,相关 hermetic、PostgreSQL、API/CLI 与浏览器回归,本地相关套件已运行；独立 broker golden 2 项通过；完整 CI 尚待 PR
tests/test_telegram_push.py::_sent_text,364e0d9abdc5c1f2dcc27aa19c2bb0736b7fffaf,1749-1772,,DELETE,测试合同,改为当前公开合同或窄 tests/support owner；不再从 test_*.py 导入替身,相关 hermetic、PostgreSQL、API/CLI 与浏览器回归,本地相关套件已运行；独立 broker golden 2 项通过；完整 CI 尚待 PR
tests/test_telegram_push.py::_sent_text.handle,364e0d9abdc5c1f2dcc27aa19c2bb0736b7fffaf,1754-1762,,DELETE,测试合同,改为当前公开合同或窄 tests/support owner；不再从 test_*.py 导入替身,相关 hermetic、PostgreSQL、API/CLI 与浏览器回归,本地相关套件已运行；独立 broker golden 2 项通过；完整 CI 尚待 PR
tests/test_wallet_net_buy_config.py::test_invalid_hierarchy_is_refused_before_any_output,364e0d9abdc5c1f2dcc27aa19c2bb0736b7fffaf,72-74,,RETIRE,退役测试,断言已退役入口或静态副本；以当前主流程回归替代,删除旧断言；当前 Trading、News 与 OI 套件覆盖保留能力,退役断言不再收集；保留能力由现行测试验证
tests/test_wallet_net_buy_config.py::test_offline_cli_uses_separate_output_and_redacts_validation_errors,364e0d9abdc5c1f2dcc27aa19c2bb0736b7fffaf,39-66,,RETIRE,退役测试,断言已退役入口或静态副本；以当前主流程回归替代,删除旧断言；当前 Trading、News 与 OI 套件覆盖保留能力,退役断言不再收集；保留能力由现行测试验证
tests/test_wallet_net_buy_config.py::test_offline_migration_is_idempotent_and_preserves_unrelated_settings,364e0d9abdc5c1f2dcc27aa19c2bb0736b7fffaf,14-36,,RETIRE,退役测试,断言已退役入口或静态副本；以当前主流程回归替代,删除旧断言；当前 Trading、News 与 OI 套件覆盖保留能力,退役断言不再收集；保留能力由现行测试验证
tests/trading/test_analysis_archive_migration.py::test_copy_legacy_archive_preserves_refs_and_is_idempotent,364e0d9abdc5c1f2dcc27aa19c2bb0736b7fffaf,7-13,,RETIRE,退役测试,断言已退役入口或静态副本；以当前主流程回归替代,删除旧断言；当前 Trading、News 与 OI 套件覆盖保留能力,退役断言不再收集；保留能力由现行测试验证
tests/trading/test_analysis_cohort.py::_case,364e0d9abdc5c1f2dcc27aa19c2bb0736b7fffaf,28-42,,RETIRE,退役测试,断言已退役入口或静态副本；以当前主流程回归替代,删除旧断言；当前 Trading、News 与 OI 套件覆盖保留能力,退役断言不再收集；保留能力由现行测试验证
tests/trading/test_analysis_cohort.py::_watch_root,364e0d9abdc5c1f2dcc27aa19c2bb0736b7fffaf,367-386,,RETIRE,退役测试,断言已退役入口或静态副本；以当前主流程回归替代,删除旧断言；当前 Trading、News 与 OI 套件覆盖保留能力,退役断言不再收集；保留能力由现行测试验证
tests/trading/test_analysis_cohort.py::test_capital_limit_does_not_resize_a_validated_execution_receipt,364e0d9abdc5c1f2dcc27aa19c2bb0736b7fffaf,294-337,,RETIRE,退役测试,断言已退役入口或静态副本；以当前主流程回归替代,删除旧断言；当前 Trading、News 与 OI 套件覆盖保留能力,退役断言不再收集；保留能力由现行测试验证
tests/trading/test_analysis_cohort.py::test_exported_rule_path_requires_contiguous_archived_bars,364e0d9abdc5c1f2dcc27aa19c2bb0736b7fffaf,435-447,,RETIRE,退役测试,断言已退役入口或静态副本；以当前主流程回归替代,删除旧断言；当前 Trading、News 与 OI 套件覆盖保留能力,退役断言不再收集；保留能力由现行测试验证
tests/trading/test_analysis_cohort.py::test_historical_rule_reads_archived_and_current_catalyst_sources,364e0d9abdc5c1f2dcc27aa19c2bb0736b7fffaf,679-690,,RETIRE,退役测试,断言已退役入口或静态副本；以当前主流程回归替代,删除旧断言；当前 Trading、News 与 OI 套件覆盖保留能力,退役断言不再收集；保留能力由现行测试验证
tests/trading/test_analysis_cohort.py::test_holdout_conclusion_requires_complete_net_drawdown_and_currency_assumption,364e0d9abdc5c1f2dcc27aa19c2bb0736b7fffaf,262-291,,RETIRE,退役测试,断言已退役入口或静态副本；以当前主流程回归替代,删除旧断言；当前 Trading、News 与 OI 套件覆盖保留能力,退役断言不再收集；保留能力由现行测试验证
tests/trading/test_analysis_cohort.py::test_initial_rule_breakout_needs_on_time_bar_receipt,364e0d9abdc5c1f2dcc27aa19c2bb0736b7fffaf,400-408,,RETIRE,退役测试,断言已退役入口或静态副本；以当前主流程回归替代,删除旧断言；当前 Trading、News 与 OI 套件覆盖保留能力,退役断言不再收集；保留能力由现行测试验证
tests/trading/test_analysis_cohort.py::test_legacy_model_and_timer_are_not_new_dspy_arm_evidence,364e0d9abdc5c1f2dcc27aa19c2bb0736b7fffaf,208-221,,RETIRE,退役测试,断言已退役入口或静态副本；以当前主流程回归替代,删除旧断言；当前 Trading、News 与 OI 套件覆盖保留能力,退役断言不再收集；保留能力由现行测试验证
tests/trading/test_analysis_cohort.py::test_legacy_raw_output_summary_unwraps_the_recorded_assessment,364e0d9abdc5c1f2dcc27aa19c2bb0736b7fffaf,346-364,,RETIRE,退役测试,断言已退役入口或静态副本；以当前主流程回归替代,删除旧断言；当前 Trading、News 与 OI 套件覆盖保留能力,退役断言不再收集；保留能力由现行测试验证
tests/trading/test_analysis_cohort.py::test_model_cost_includes_known_subtotal_with_unknown_physical_calls,364e0d9abdc5c1f2dcc27aa19c2bb0736b7fffaf,644-667,,RETIRE,退役测试,断言已退役入口或静态副本；以当前主流程回归替代,删除旧断言；当前 Trading、News 与 OI 套件覆盖保留能力,退役断言不再收集；保留能力由现行测试验证
tests/trading/test_analysis_cohort.py::test_net_requires_contemporary_strategy_receipt_and_applies_capital,364e0d9abdc5c1f2dcc27aa19c2bb0736b7fffaf,103-173,,RETIRE,退役测试,断言已退役入口或静态副本；以当前主流程回归替代,删除旧断言；当前 Trading、News 与 OI 套件覆盖保留能力,退役断言不再收集；保留能力由现行测试验证
tests/trading/test_analysis_cohort.py::test_no_trade_is_zero_cashflow_but_missing_rule_path_is_unknown,364e0d9abdc5c1f2dcc27aa19c2bb0736b7fffaf,197-205,,RETIRE,退役测试,断言已退役入口或静态副本；以当前主流程回归替代,删除旧断言；当前 Trading、News 与 OI 套件覆盖保留能力,退役断言不再收集；保留能力由现行测试验证
tests/trading/test_analysis_cohort.py::test_open_shadow_holding_window_is_unknown_with_pending_receipt_reason,364e0d9abdc5c1f2dcc27aa19c2bb0736b7fffaf,176-186,,RETIRE,退役测试,断言已退役入口或静态副本；以当前主流程回归替代,删除旧断言；当前 Trading、News 与 OI 套件覆盖保留能力,退役断言不再收集；保留能力由现行测试验证
tests/trading/test_analysis_cohort.py::test_rule_arm_complete_path_ends_at_non_aligned_root_expiry,364e0d9abdc5c1f2dcc27aa19c2bb0736b7fffaf,423-432,,RETIRE,退役测试,断言已退役入口或静态副本；以当前主流程回归替代,删除旧断言；当前 Trading、News 与 OI 套件覆盖保留能力,退役断言不再收集；保留能力由现行测试验证
tests/trading/test_analysis_cohort.py::test_rule_arm_crosses_independently_of_dspy_child_case,364e0d9abdc5c1f2dcc27aa19c2bb0736b7fffaf,389-397,,RETIRE,退役测试,断言已退役入口或静态副本；以当前主流程回归替代,删除旧断言；当前 Trading、News 与 OI 套件覆盖保留能力,退役断言不再收集；保留能力由现行测试验证
tests/trading/test_analysis_cohort.py::test_rule_arm_does_not_trade_a_late_first_cross_or_guess_across_a_gap,364e0d9abdc5c1f2dcc27aa19c2bb0736b7fffaf,411-420,,RETIRE,退役测试,断言已退役入口或静态副本；以当前主流程回归替代,删除旧断言；当前 Trading、News 与 OI 套件覆盖保留能力,退役断言不再收集；保留能力由现行测试验证
tests/trading/test_analysis_cohort.py::test_rule_arm_replays_frozen_quote_mark_funding_and_contract_rules,364e0d9abdc5c1f2dcc27aa19c2bb0736b7fffaf,450-571,,RETIRE,退役测试,断言已退役入口或静态副本；以当前主流程回归替代,删除旧断言；当前 Trading、News 与 OI 套件覆盖保留能力,退役断言不再收集；保留能力由现行测试验证
tests/trading/test_analysis_cohort.py::test_rule_entry_refusal_is_archived_known_zero_cashflow,364e0d9abdc5c1f2dcc27aa19c2bb0736b7fffaf,574-641,,RETIRE,退役测试,断言已退役入口或静态副本；以当前主流程回归替代,删除旧断言；当前 Trading、News 与 OI 套件覆盖保留能力,退役断言不再收集；保留能力由现行测试验证
tests/trading/test_analysis_cohort.py::test_shadow_receipt_archive_ref_rejects_non_object_payload,364e0d9abdc5c1f2dcc27aa19c2bb0736b7fffaf,189-194,,RETIRE,退役测试,断言已退役入口或静态副本；以当前主流程回归替代,删除旧断言；当前 Trading、News 与 OI 套件覆盖保留能力,退役断言不再收集；保留能力由现行测试验证
tests/trading/test_analysis_cohort.py::test_source_asset_strata_report_each_arms_coverage_and_isolated_portfolio,364e0d9abdc5c1f2dcc27aa19c2bb0736b7fffaf,88-100,,RETIRE,退役测试,断言已退役入口或静态副本；以当前主流程回归替代,删除旧断言；当前 Trading、News 与 OI 套件覆盖保留能力,退役断言不再收集；保留能力由现行测试验证
tests/trading/test_analysis_cohort.py::test_split_purges_a_late_watch_entry_whose_outcome_crosses_cutoff,364e0d9abdc5c1f2dcc27aa19c2bb0736b7fffaf,68-78,,RETIRE,退役测试,断言已退役入口或静态副本；以当前主流程回归替代,删除旧断言；当前 Trading、News 与 OI 套件覆盖保留能力,退役断言不再收集；保留能力由现行测试验证
tests/trading/test_analysis_cohort.py::test_split_requires_original_root_expiry,364e0d9abdc5c1f2dcc27aa19c2bb0736b7fffaf,81-85,,RETIRE,退役测试,断言已退役入口或静态副本；以当前主流程回归替代,删除旧断言；当前 Trading、News 与 OI 套件覆盖保留能力,退役断言不再收集；保留能力由现行测试验证
tests/trading/test_analysis_cohort.py::test_terminal_failure_and_expired_watch_have_zero_cashflow_but_open_states_are_unknown,364e0d9abdc5c1f2dcc27aa19c2bb0736b7fffaf,224-259,,RETIRE,退役测试,断言已退役入口或静态副本；以当前主流程回归替代,删除旧断言；当前 Trading、News 与 OI 套件覆盖保留能力,退役断言不再收集；保留能力由现行测试验证
tests/trading/test_analysis_cohort.py::test_time_purge_and_source_group_keep_complete_roots_together,364e0d9abdc5c1f2dcc27aa19c2bb0736b7fffaf,45-65,,RETIRE,退役测试,断言已退役入口或静态副本；以当前主流程回归替代,删除旧断言；当前 Trading、News 与 OI 套件覆盖保留能力,退役断言不再收集；保留能力由现行测试验证
tests/trading/test_analysis_cohort.py::test_wrong_historical_denominator_fails_before_metrics,364e0d9abdc5c1f2dcc27aa19c2bb0736b7fffaf,340-343,,RETIRE,退役测试,断言已退役入口或静态副本；以当前主流程回归替代,删除旧断言；当前 Trading、News 与 OI 套件覆盖保留能力,退役断言不再收集；保留能力由现行测试验证
tests/trading/test_historical_price_path_audit.py::_path,364e0d9abdc5c1f2dcc27aa19c2bb0736b7fffaf,19-43,,RETIRE,退役测试,断言已退役入口或静态副本；以当前主流程回归替代,删除旧断言；当前 Trading、News 与 OI 套件覆盖保留能力,退役断言不再收集；保留能力由现行测试验证
tests/trading/test_historical_price_path_audit.py::_row,364e0d9abdc5c1f2dcc27aa19c2bb0736b7fffaf,6-16,,RETIRE,退役测试,断言已退役入口或静态副本；以当前主流程回归替代,删除旧断言；当前 Trading、News 与 OI 套件覆盖保留能力,退役断言不再收集；保留能力由现行测试验证
tests/trading/test_historical_price_path_audit.py::test_aligned_v1_endpoints_certify_only_the_gross_endpoint_label,364e0d9abdc5c1f2dcc27aa19c2bb0736b7fffaf,46-53,,RETIRE,退役测试,断言已退役入口或静态副本；以当前主流程回归替代,删除旧断言；当前 Trading、News 与 OI 套件覆盖保留能力,退役断言不再收集；保留能力由现行测试验证
tests/trading/test_historical_price_path_audit.py::test_malformed_receipt_cannot_certify_historical_market_identity,364e0d9abdc5c1f2dcc27aa19c2bb0736b7fffaf,78-82,,RETIRE,退役测试,断言已退役入口或静态副本；以当前主流程回归替代,删除旧断言；当前 Trading、News 与 OI 套件覆盖保留能力,退役断言不再收集；保留能力由现行测试验证
tests/trading/test_historical_price_path_audit.py::test_missing_v1_archive_stays_unverifiable,364e0d9abdc5c1f2dcc27aa19c2bb0736b7fffaf,67-68,,RETIRE,退役测试,断言已退役入口或静态副本；以当前主流程回归替代,删除旧断言；当前 Trading、News 与 OI 套件覆盖保留能力,退役断言不再收集；保留能力由现行测试验证
tests/trading/test_historical_price_path_audit.py::test_partial_window_with_both_endpoints_is_valid_for_endpoint_only_return,364e0d9abdc5c1f2dcc27aa19c2bb0736b7fffaf,71-75,,RETIRE,退役测试,断言已退役入口或静态副本；以当前主流程回归替代,删除旧断言；当前 Trading、News 与 OI 套件覆盖保留能力,退役断言不再收集；保留能力由现行测试验证
tests/trading/test_historical_price_path_audit.py::test_single_reused_endpoint_is_named_as_a_historical_mismatch,364e0d9abdc5c1f2dcc27aa19c2bb0736b7fffaf,56-64,,RETIRE,退役测试,断言已退役入口或静态副本；以当前主流程回归替代,删除旧断言；当前 Trading、News 与 OI 套件覆盖保留能力,退役断言不再收集；保留能力由现行测试验证
tests/trading/test_historical_shadow_evaluation.py::_shadow,364e0d9abdc5c1f2dcc27aa19c2bb0736b7fffaf,7-63,,RETIRE,退役测试,断言已退役入口或静态副本；以当前主流程回归替代,删除旧断言；当前 Trading、News 与 OI 套件覆盖保留能力,退役断言不再收集；保留能力由现行测试验证
tests/trading/test_historical_shadow_evaluation.py::test_entry_minute_favorable_extreme_cannot_claim_a_take_profit,364e0d9abdc5c1f2dcc27aa19c2bb0736b7fffaf,227-241,,RETIRE,退役测试,断言已退役入口或静态副本；以当前主流程回归替代,删除旧断言；当前 Trading、News 与 OI 套件覆盖保留能力,退役断言不再收集；保留能力由现行测试验证
tests/trading/test_historical_shadow_evaluation.py::test_paper_net_needs_venue_reconciliation_protection_and_full_fills,364e0d9abdc5c1f2dcc27aa19c2bb0736b7fffaf,244-265,,RETIRE,退役测试,断言已退役入口或静态副本；以当前主流程回归替代,删除旧断言；当前 Trading、News 与 OI 套件覆盖保留能力,退役断言不再收集；保留能力由现行测试验证
tests/trading/test_historical_shadow_evaluation.py::test_shadow_does_not_use_a_future_or_wrong_environment_exit_quote,364e0d9abdc5c1f2dcc27aa19c2bb0736b7fffaf,151-166,,RETIRE,退役测试,断言已退役入口或静态副本；以当前主流程回归替代,删除旧断言；当前 Trading、News 与 OI 套件覆盖保留能力,退役断言不再收集；保留能力由现行测试验证
tests/trading/test_historical_shadow_evaluation.py::test_shadow_exit_quote_must_follow_mark_bar_visibility,364e0d9abdc5c1f2dcc27aa19c2bb0736b7fffaf,169-192,,RETIRE,退役测试,断言已退役入口或静态副本；以当前主流程回归替代,删除旧断言；当前 Trading、News 与 OI 套件覆盖保留能力,退役断言不再收集；保留能力由现行测试验证
tests/trading/test_historical_shadow_evaluation.py::test_shadow_fees_use_both_fill_notionals_and_funding_uses_event_mark,364e0d9abdc5c1f2dcc27aa19c2bb0736b7fffaf,85-104,,RETIRE,退役测试,断言已退役入口或静态副本；以当前主流程回归替代,删除旧断言；当前 Trading、News 与 OI 套件覆盖保留能力,退役断言不再收集；保留能力由现行测试验证
tests/trading/test_historical_shadow_evaluation.py::test_shadow_mark_receipt_deadline_applies_to_consumed_path,364e0d9abdc5c1f2dcc27aa19c2bb0736b7fffaf,195-224,,RETIRE,退役测试,断言已退役入口或静态副本；以当前主流程回归替代,删除旧断言；当前 Trading、News 与 OI 套件覆盖保留能力,退役断言不再收集；保留能力由现行测试验证
tests/trading/test_historical_shadow_evaluation.py::test_shadow_missing_cost_or_quote_is_not_zero_pnl,364e0d9abdc5c1f2dcc27aa19c2bb0736b7fffaf,107-113,,RETIRE,退役测试,断言已退役入口或静态副本；以当前主流程回归替代,删除旧断言；当前 Trading、News 与 OI 套件覆盖保留能力,退役断言不再收集；保留能力由现行测试验证
tests/trading/test_historical_shadow_evaluation.py::test_shadow_requires_top_book_capacity_at_entry_and_exit,364e0d9abdc5c1f2dcc27aa19c2bb0736b7fffaf,135-148,,RETIRE,退役测试,断言已退役入口或静态副本；以当前主流程回归替代,删除旧断言；当前 Trading、News 与 OI 套件覆盖保留能力,退役断言不再收集；保留能力由现行测试验证
tests/trading/test_historical_shadow_evaluation.py::test_shadow_respects_market_quantity_and_price_filters,364e0d9abdc5c1f2dcc27aa19c2bb0736b7fffaf,116-132,,RETIRE,退役测试,断言已退役入口或静态副本；以当前主流程回归替代,删除旧断言；当前 Trading、News 与 OI 套件覆盖保留能力,退役断言不再收集；保留能力由现行测试验证
tests/trading/test_historical_shadow_evaluation.py::test_shadow_uses_planned_ask_and_stop_first_if_both_touched,364e0d9abdc5c1f2dcc27aa19c2bb0736b7fffaf,66-82,,RETIRE,退役测试,断言已退役入口或静态副本；以当前主流程回归替代,删除旧断言；当前 Trading、News 与 OI 套件覆盖保留能力,退役断言不再收集；保留能力由现行测试验证
tests/trading/test_root_research_tape.py::test_root_tape_archives_quote_and_closed_bars_without_decision,364e0d9abdc5c1f2dcc27aa19c2bb0736b7fffaf,13-132,,RETIRE,退役测试,断言已退役入口或静态副本；以当前主流程回归替代,删除旧断言；当前 Trading、News 与 OI 套件覆盖保留能力,退役断言不再收集；保留能力由现行测试验证
tests/trading/test_root_research_tape.py::test_root_tape_archives_quote_and_closed_bars_without_decision.Market.fetch,364e0d9abdc5c1f2dcc27aa19c2bb0736b7fffaf,58-100,,RETIRE,退役测试,断言已退役入口或静态副本；以当前主流程回归替代,删除旧断言；当前 Trading、News 与 OI 套件覆盖保留能力,退役断言不再收集；保留能力由现行测试验证
tests/trading/test_root_research_tape.py::test_root_tape_archives_quote_and_closed_bars_without_decision.Repo.due_root_research_tapes,364e0d9abdc5c1f2dcc27aa19c2bb0736b7fffaf,35-36,,RETIRE,退役测试,断言已退役入口或静态副本；以当前主流程回归替代,删除旧断言；当前 Trading、News 与 OI 套件覆盖保留能力,退役断言不再收集；保留能力由现行测试验证
tests/trading/test_root_research_tape.py::test_root_tape_archives_quote_and_closed_bars_without_decision.Repo.record_root_research_sample,364e0d9abdc5c1f2dcc27aa19c2bb0736b7fffaf,38-42,,RETIRE,退役测试,断言已退役入口或静态副本；以当前主流程回归替代,删除旧断言；当前 Trading、News 与 OI 套件覆盖保留能力,退役断言不再收集；保留能力由现行测试验证
tests/trading/test_root_research_tape.py::test_root_tape_archives_quote_and_closed_bars_without_decision.db_async,364e0d9abdc5c1f2dcc27aa19c2bb0736b7fffaf,44-45,,RETIRE,退役测试,断言已退役入口或静态副本；以当前主流程回归替代,删除旧断言；当前 Trading、News 与 OI 套件覆盖保留能力,退役断言不再收集；保留能力由现行测试验证
tests/trading/test_root_research_tape.py::test_root_tape_archives_quote_and_closed_bars_without_decision.quote,364e0d9abdc5c1f2dcc27aa19c2bb0736b7fffaf,47-55,,RETIRE,退役测试,断言已退役入口或静态副本；以当前主流程回归替代,删除旧断言；当前 Trading、News 与 OI 套件覆盖保留能力,退役断言不再收集；保留能力由现行测试验证
tests/trading/test_trading_tools.py::_Budget.__init__,364e0d9abdc5c1f2dcc27aa19c2bb0736b7fffaf,,88-89,REPLACE,测试合同,改为当前公开合同或窄 tests/support owner；不再从 test_*.py 导入替身,相关 hermetic、PostgreSQL、API/CLI 与浏览器回归,本地相关套件已运行；独立 broker golden 2 项通过；完整 CI 尚待 PR
tests/trading/test_trading_tools.py::_Budget.finish,364e0d9abdc5c1f2dcc27aa19c2bb0736b7fffaf,,97-98,REPLACE,测试合同,改为当前公开合同或窄 tests/support owner；不再从 test_*.py 导入替身,相关 hermetic、PostgreSQL、API/CLI 与浏览器回归,本地相关套件已运行；独立 broker golden 2 项通过；完整 CI 尚待 PR
tests/trading/test_trading_tools.py::_Budget.remaining_ms,364e0d9abdc5c1f2dcc27aa19c2bb0736b7fffaf,,91-92,REPLACE,测试合同,改为当前公开合同或窄 tests/support owner；不再从 test_*.py 导入替身,相关 hermetic、PostgreSQL、API/CLI 与浏览器回归,本地相关套件已运行；独立 broker golden 2 项通过；完整 CI 尚待 PR
tests/trading/test_trading_tools.py::_Budget.start,364e0d9abdc5c1f2dcc27aa19c2bb0736b7fffaf,,94-95,REPLACE,测试合同,改为当前公开合同或窄 tests/support owner；不再从 test_*.py 导入替身,相关 hermetic、PostgreSQL、API/CLI 与浏览器回归,本地相关套件已运行；独立 broker golden 2 项通过；完整 CI 尚待 PR
tests/trading/test_trading_tools.py::_context,364e0d9abdc5c1f2dcc27aa19c2bb0736b7fffaf,85-143,101-166,REPLACE,测试合同,改为当前公开合同或窄 tests/support owner；不再从 test_*.py 导入替身,相关 hermetic、PostgreSQL、API/CLI 与浏览器回归,本地相关套件已运行；独立 broker golden 2 项通过；完整 CI 尚待 PR
tests/trading/test_trading_tools.py::test_tools_validate_before_fetch_and_archive_the_result,364e0d9abdc5c1f2dcc27aa19c2bb0736b7fffaf,146-166,169-193,REPLACE,测试合同,改为当前公开合同或窄 tests/support owner；不再从 test_*.py 导入替身,相关 hermetic、PostgreSQL、API/CLI 与浏览器回归,本地相关套件已运行；独立 broker golden 2 项通过；完整 CI 尚待 PR
tests/trading/test_trading_tools.py::test_tools_validate_before_fetch_and_archive_the_result.run,364e0d9abdc5c1f2dcc27aa19c2bb0736b7fffaf,147-164,170-191,REPLACE,测试合同,改为当前公开合同或窄 tests/support owner；不再从 test_*.py 导入替身,相关 hermetic、PostgreSQL、API/CLI 与浏览器回归,本地相关套件已运行；独立 broker golden 2 项通过；完整 CI 尚待 PR
tracefold/app/cli/commands/news_review.py::_handle_review,364e0d9abdc5c1f2dcc27aa19c2bb0736b7fffaf,11-75,11-78,REPLACE,ReviewDesk,当前 dec.* 决策与外部反馈是唯一活入口；旧 evt.* 具名拒绝；SQL 过滤后分页,40+1 PostgreSQL 反例、Review CLI/合同与 query audit,本地相关套件已运行；独立 broker golden 2 项通过；完整 CI 尚待 PR
tracefold/app/cli/evidence_artifacts.py::canonical_evidence_bytes,364e0d9abdc5c1f2dcc27aa19c2bb0736b7fffaf,17-23,,DELETE,当前合同,移除已证明未使用的旧路径并保持唯一当前所有者,相关 hermetic、静态与生成契约检查,本地相关套件已运行；独立 broker golden 2 项通过；完整 CI 尚待 PR
tracefold/app/cli/evidence_artifacts.py::load_evidence_artifact,364e0d9abdc5c1f2dcc27aa19c2bb0736b7fffaf,73-91,,DELETE,当前合同,移除已证明未使用的旧路径并保持唯一当前所有者,相关 hermetic、静态与生成契约检查,本地相关套件已运行；独立 broker golden 2 项通过；完整 CI 尚待 PR
tracefold/app/cli/evidence_artifacts.py::publish_evidence_artifact,364e0d9abdc5c1f2dcc27aa19c2bb0736b7fffaf,26-54,,DELETE,当前合同,移除已证明未使用的旧路径并保持唯一当前所有者,相关 hermetic、静态与生成契约检查,本地相关套件已运行；独立 broker golden 2 项通过；完整 CI 尚待 PR
tracefold/app/cli/evidence_artifacts.py::verify_evidence_artifact,364e0d9abdc5c1f2dcc27aa19c2bb0736b7fffaf,57-70,,DELETE,当前合同,移除已证明未使用的旧路径并保持唯一当前所有者,相关 hermetic、静态与生成契约检查,本地相关套件已运行；独立 broker golden 2 项通过；完整 CI 尚待 PR
tracefold/app/cli/parsers/news.py::add_news_commands,364e0d9abdc5c1f2dcc27aa19c2bb0736b7fffaf,8-111,8-113,REPLACE,当前合同,移除已证明未使用的旧路径并保持唯一当前所有者,相关 hermetic、静态与生成契约检查,本地相关套件已运行；独立 broker golden 2 项通过；完整 CI 尚待 PR
tracefold/app/http/routes/feed.py::get_news_feed,364e0d9abdc5c1f2dcc27aa19c2bb0736b7fffaf,33-129,31-110,REPLACE,News 读取,按 EventUpdate head、来源证据与实际回执读取；退役 rich Triage projection,News hermetic、PostgreSQL、API/CLI、OpenAPI 与浏览器,本地相关套件已运行；独立 broker golden 2 项通过；完整 CI 尚待 PR
tracefold/app/http/schemas/events.py::NewsModelEditorialData.taxonomy_status_matches_taxonomy,364e0d9abdc5c1f2dcc27aa19c2bb0736b7fffaf,163-167,,DELETE,News 读取,按 EventUpdate head、来源证据与实际回执读取；退役 rich Triage projection,News hermetic、PostgreSQL、API/CLI、OpenAPI 与浏览器,本地相关套件已运行；独立 broker golden 2 项通过；完整 CI 尚待 PR
tracefold/app/http/schemas/events.py::NewsVerdictData.model_identity_matches_origin,364e0d9abdc5c1f2dcc27aa19c2bb0736b7fffaf,198-204,,DELETE,News 读取,按 EventUpdate head、来源证据与实际回执读取；退役 rich Triage projection,News hermetic、PostgreSQL、API/CLI、OpenAPI 与浏览器,本地相关套件已运行；独立 broker golden 2 项通过；完整 CI 尚待 PR
tracefold/app/trading_analysis.py::AnalysisRunner.__init__,364e0d9abdc5c1f2dcc27aa19c2bb0736b7fffaf,599-635,660-695,REPLACE,Trading Case,保留 Case 单一编排与持久结果；删除 root tape，提取纯组装并强制预算合同,Trading 32 项 PostgreSQL、相关 hermetic、mypy,本地相关套件已运行；独立 broker golden 2 项通过；完整 CI 尚待 PR
tracefold/app/trading_analysis.py::AnalysisRunner._root_tape_completed,364e0d9abdc5c1f2dcc27aa19c2bb0736b7fffaf,1801-1807,,DELETE,Trading Case,保留 Case 单一编排与持久结果；删除 root tape，提取纯组装并强制预算合同,Trading 32 项 PostgreSQL、相关 hermetic、mypy,本地相关套件已运行；独立 broker golden 2 项通过；完整 CI 尚待 PR
tracefold/app/trading_analysis.py::AnalysisRunner.analyze_one,364e0d9abdc5c1f2dcc27aa19c2bb0736b7fffaf,793-1195,853-1240,REPLACE,Trading Case,保留 Case 单一编排与持久结果；删除 root tape，提取纯组装并强制预算合同,Trading 32 项 PostgreSQL、相关 hermetic、mypy,本地相关套件已运行；独立 broker golden 2 项通过；完整 CI 尚待 PR
tracefold/app/trading_analysis.py::AnalysisRunner.run,364e0d9abdc5c1f2dcc27aa19c2bb0736b7fffaf,1809-1861,1614-1661,REPLACE,Trading Case,保留 Case 单一编排与持久结果；删除 root tape，提取纯组装并强制预算合同,Trading 32 项 PostgreSQL、相关 hermetic、mypy,本地相关套件已运行；独立 broker golden 2 项通过；完整 CI 尚待 PR
tracefold/app/trading_analysis.py::AnalysisRunner.sample_root_research_once,364e0d9abdc5c1f2dcc27aa19c2bb0736b7fffaf,1569-1799,,DELETE,Trading Case,保留 Case 单一编排与持久结果；删除 root tape，提取纯组装并强制预算合同,Trading 32 项 PostgreSQL、相关 hermetic、mypy,本地相关套件已运行；独立 broker golden 2 项通过；完整 CI 尚待 PR
tracefold/app/trading_analysis.py::FrameReader.prepare,364e0d9abdc5c1f2dcc27aa19c2bb0736b7fffaf,109-419,216-437,REPLACE,Trading Case,保留 Case 单一编排与持久结果；删除 root tape，提取纯组装并强制预算合同,Trading 32 项 PostgreSQL、相关 hermetic、mypy,本地相关套件已运行；独立 broker golden 2 项通过；完整 CI 尚待 PR
tracefold/app/trading_analysis.py::_assessment_document,364e0d9abdc5c1f2dcc27aa19c2bb0736b7fffaf,,440-480,ADD,Trading Case,保留 Case 单一编排与持久结果；删除 root tape，提取纯组装并强制预算合同,Trading 32 项 PostgreSQL、相关 hermetic、mypy,本地相关套件已运行；独立 broker golden 2 项通过；完整 CI 尚待 PR
tracefold/app/trading_analysis.py::_build_brief_evidence,364e0d9abdc5c1f2dcc27aa19c2bb0736b7fffaf,,90-206,ADD,Trading Case,保留 Case 单一编排与持久结果；删除 root tape，提取纯组装并强制预算合同,Trading 32 项 PostgreSQL、相关 hermetic、mypy,本地相关套件已运行；独立 broker golden 2 项通过；完整 CI 尚待 PR
tracefold/app/trading_tools.py::CaseToolContext.__init__,364e0d9abdc5c1f2dcc27aa19c2bb0736b7fffaf,77-119,186-228,REPLACE,Trading Case,保留 Case 单一编排与持久结果；删除 root tape，提取纯组装并强制预算合同,Trading 32 项 PostgreSQL、相关 hermetic、mypy,本地相关套件已运行；独立 broker golden 2 项通过；完整 CI 尚待 PR
tracefold/app/trading_tools.py::CaseToolContext._budget,364e0d9abdc5c1f2dcc27aa19c2bb0736b7fffaf,,312-315,ADD,Trading Case,保留 Case 单一编排与持久结果；删除 root tape，提取纯组装并强制预算合同,Trading 32 项 PostgreSQL、相关 hermetic、mypy,本地相关套件已运行；独立 broker golden 2 项通过；完整 CI 尚待 PR
tracefold/app/trading_tools.py::CaseToolContext._check,364e0d9abdc5c1f2dcc27aa19c2bb0736b7fffaf,200-207,317-323,REPLACE,Trading Case,保留 Case 单一编排与持久结果；删除 root tape，提取纯组装并强制预算合同,Trading 32 项 PostgreSQL、相关 hermetic、mypy,本地相关套件已运行；独立 broker golden 2 项通过；完整 CI 尚待 PR
tracefold/app/trading_tools.py::CaseToolContext._invoke,364e0d9abdc5c1f2dcc27aa19c2bb0736b7fffaf,209-253,325-362,REPLACE,Trading Case,保留 Case 单一编排与持久结果；删除 root tape，提取纯组装并强制预算合同,Trading 32 项 PostgreSQL、相关 hermetic、mypy,本地相关套件已运行；独立 broker golden 2 项通过；完整 CI 尚待 PR
tracefold/app/trading_tools.py::CaseToolContext.assess_claims,364e0d9abdc5c1f2dcc27aa19c2bb0736b7fffaf,670-783,704-817,REPLACE,Trading Case,保留 Case 单一编排与持久结果；删除 root tape，提取纯组装并强制预算合同,Trading 32 项 PostgreSQL、相关 hermetic、mypy,本地相关套件已运行；独立 broker golden 2 项通过；完整 CI 尚待 PR
tracefold/app/trading_tools.py::CaseToolContext.assess_claims.operation,364e0d9abdc5c1f2dcc27aa19c2bb0736b7fffaf,673-779,707-813,REPLACE,Trading Case,保留 Case 单一编排与持久结果；删除 root tape，提取纯组装并强制预算合同,Trading 32 项 PostgreSQL、相关 hermetic、mypy,本地相关套件已运行；独立 broker golden 2 项通过；完整 CI 尚待 PR
tracefold/app/trading_tools.py::CaseToolContext.assess_claims.operation.after,364e0d9abdc5c1f2dcc27aa19c2bb0736b7fffaf,709-740,743-774,REPLACE,Trading Case,保留 Case 单一编排与持久结果；删除 root tape，提取纯组装并强制预算合同,Trading 32 项 PostgreSQL、相关 hermetic、mypy,本地相关套件已运行；独立 broker golden 2 项通过；完整 CI 尚待 PR
tracefold/app/trading_tools.py::CaseToolContext.assess_claims.operation.before,364e0d9abdc5c1f2dcc27aa19c2bb0736b7fffaf,705-707,739-741,REPLACE,Trading Case,保留 Case 单一编排与持久结果；删除 root tape，提取纯组装并强制预算合同,Trading 32 项 PostgreSQL、相关 hermetic、mypy,本地相关套件已运行；独立 broker golden 2 项通过；完整 CI 尚待 PR
tracefold/app/trading_tools.py::CaseToolContext.get_market_snapshot,364e0d9abdc5c1f2dcc27aa19c2bb0736b7fffaf,298-591,407-625,REPLACE,Trading Case,保留 Case 单一编排与持久结果；删除 root tape，提取纯组装并强制预算合同,Trading 32 项 PostgreSQL、相关 hermetic、mypy,本地相关套件已运行；独立 broker golden 2 项通过；完整 CI 尚待 PR
tracefold/app/trading_tools.py::CaseToolContext.get_market_snapshot.operation,364e0d9abdc5c1f2dcc27aa19c2bb0736b7fffaf,301-587,410-621,REPLACE,Trading Case,保留 Case 单一编排与持久结果；删除 root tape，提取纯组装并强制预算合同,Trading 32 项 PostgreSQL、相关 hermetic、mypy,本地相关套件已运行；独立 broker golden 2 项通过；完整 CI 尚待 PR
tracefold/app/trading_tools.py::CaseToolContext.tools,364e0d9abdc5c1f2dcc27aa19c2bb0736b7fffaf,189-198,298-310,REPLACE,Trading Case,保留 Case 单一编排与持久结果；删除 root tape，提取纯组装并强制预算合同,Trading 32 项 PostgreSQL、相关 hermetic、mypy,本地相关套件已运行；独立 broker golden 2 项通过；完整 CI 尚待 PR
tracefold/app/trading_tools.py::ToolBudget.finish,364e0d9abdc5c1f2dcc27aa19c2bb0736b7fffaf,,52-52,ADD,Trading Case,保留 Case 单一编排与持久结果；删除 root tape，提取纯组装并强制预算合同,Trading 32 项 PostgreSQL、相关 hermetic、mypy,本地相关套件已运行；独立 broker golden 2 项通过；完整 CI 尚待 PR
tracefold/app/trading_tools.py::ToolBudget.remaining_ms,364e0d9abdc5c1f2dcc27aa19c2bb0736b7fffaf,,48-48,ADD,Trading Case,保留 Case 单一编排与持久结果；删除 root tape，提取纯组装并强制预算合同,Trading 32 项 PostgreSQL、相关 hermetic、mypy,本地相关套件已运行；独立 broker golden 2 项通过；完整 CI 尚待 PR
tracefold/app/trading_tools.py::ToolBudget.start,364e0d9abdc5c1f2dcc27aa19c2bb0736b7fffaf,,50-50,ADD,Trading Case,保留 Case 单一编排与持久结果；删除 root tape，提取纯组装并强制预算合同,Trading 32 项 PostgreSQL、相关 hermetic、mypy,本地相关套件已运行；独立 broker golden 2 项通过；完整 CI 尚待 PR
tracefold/app/trading_tools.py::_market_projection,364e0d9abdc5c1f2dcc27aa19c2bb0736b7fffaf,,94-182,ADD,Trading Case,保留 Case 单一编排与持久结果；删除 root tape，提取纯组装并强制预算合同,Trading 32 项 PostgreSQL、相关 hermetic、mypy,本地相关套件已运行；独立 broker golden 2 项通过；完整 CI 尚待 PR
tracefold/app/worker_database.py::WorkerDatabase.drain_business,364e0d9abdc5c1f2dcc27aa19c2bb0736b7fffaf,356-360,357-361,REPLACE,资源排空,共用平台 drain；future 物理完成前不释放许可,worker drain 与取消回归、hermetic,本地相关套件已运行；独立 broker golden 2 项通过；完整 CI 尚待 PR
tracefold/app/worker_database.py::WorkerDatabase.drain_control,364e0d9abdc5c1f2dcc27aa19c2bb0736b7fffaf,362-366,363-367,REPLACE,资源排空,共用平台 drain；future 物理完成前不释放许可,worker drain 与取消回归、hermetic,本地相关套件已运行；独立 broker golden 2 项通过；完整 CI 尚待 PR
tracefold/app/worker_database.py::_drain_db_futures,364e0d9abdc5c1f2dcc27aa19c2bb0736b7fffaf,619-631,,DELETE,资源排空,共用平台 drain；future 物理完成前不释放许可,worker drain 与取消回归、hermetic,本地相关套件已运行；独立 broker golden 2 项通过；完整 CI 尚待 PR
tracefold/app/workers/capabilities.py::FiniteOperations.drain,364e0d9abdc5c1f2dcc27aa19c2bb0736b7fffaf,132-133,133-134,REPLACE,资源排空,共用平台 drain；future 物理完成前不释放许可,worker drain 与取消回归、hermetic,本地相关套件已运行；独立 broker golden 2 项通过；完整 CI 尚待 PR
tracefold/app/workers/capabilities.py::_drain,364e0d9abdc5c1f2dcc27aa19c2bb0736b7fffaf,201-213,,DELETE,资源排空,共用平台 drain；future 物理完成前不释放许可,worker drain 与取消回归、hermetic,本地相关套件已运行；独立 broker golden 2 项通过；完整 CI 尚待 PR
tracefold/news/eval/replay.py::replay_hits,364e0d9abdc5c1f2dcc27aa19c2bb0736b7fffaf,32-182,32-187,REPLACE,News 读取,按 EventUpdate head、来源证据与实际回执读取；退役 rich Triage projection,News hermetic、PostgreSQL、API/CLI、OpenAPI 与浏览器,本地相关套件已运行；独立 broker golden 2 项通过；完整 CI 尚待 PR
tracefold/news/eval/why.py::explain_event,364e0d9abdc5c1f2dcc27aa19c2bb0736b7fffaf,9-48,9-46,REPLACE,News 读取,按 EventUpdate head、来源证据与实际回执读取；退役 rich Triage projection,News hermetic、PostgreSQL、API/CLI、OpenAPI 与浏览器,本地相关套件已运行；独立 broker golden 2 项通过；完整 CI 尚待 PR
tracefold/news/health.py::status_health,364e0d9abdc5c1f2dcc27aa19c2bb0736b7fffaf,232-291,232-285,REPLACE,News 读取,按 EventUpdate head、来源证据与实际回执读取；退役 rich Triage projection,News hermetic、PostgreSQL、API/CLI、OpenAPI 与浏览器,本地相关套件已运行；独立 broker golden 2 项通过；完整 CI 尚待 PR
tracefold/news/market_notifications.py::_lines,364e0d9abdc5c1f2dcc27aa19c2bb0736b7fffaf,352-357,,DELETE,News 读取,按 EventUpdate head、来源证据与实际回执读取；退役 rich Triage projection,News hermetic、PostgreSQL、API/CLI、OpenAPI 与浏览器,本地相关套件已运行；独立 broker golden 2 项通过；完整 CI 尚待 PR
tracefold/news/market_review/pricing.py::PriceInstrument.sort_key,364e0d9abdc5c1f2dcc27aa19c2bb0736b7fffaf,210-211,,RETIRE,News Gold,删除旧 Gold/cohort 评估副本和仅供该副本使用的助手,News 当前 price/market/notification 回归,本地相关套件已运行；独立 broker golden 2 项通过；完整 CI 尚待 PR
tracefold/news/market_review/review_storage.py::MarketReviewCohort.label,364e0d9abdc5c1f2dcc27aa19c2bb0736b7fffaf,38-39,,RETIRE,News Gold,删除旧 Gold/cohort 评估副本和仅供该副本使用的助手,News 当前 price/market/notification 回归,本地相关套件已运行；独立 broker golden 2 项通过；完整 CI 尚待 PR
tracefold/news/market_review/review_storage.py::ReviewStorage._miss_rows,364e0d9abdc5c1f2dcc27aa19c2bb0736b7fffaf,251-332,,RETIRE,News Gold,删除旧 Gold/cohort 评估副本和仅供该副本使用的助手,News 当前 price/market/notification 回归,本地相关套件已运行；独立 broker golden 2 项通过；完整 CI 尚待 PR
tracefold/news/market_review/review_storage.py::ReviewStorage._miss_rows.root,364e0d9abdc5c1f2dcc27aa19c2bb0736b7fffaf,300-304,,RETIRE,News Gold,删除旧 Gold/cohort 评估副本和仅供该副本使用的助手,News 当前 price/market/notification 回归,本地相关套件已运行；独立 broker golden 2 项通过；完整 CI 尚待 PR
tracefold/news/market_review/review_storage.py::ReviewStorage._miss_rows.union,364e0d9abdc5c1f2dcc27aa19c2bb0736b7fffaf,306-309,,RETIRE,News Gold,删除旧 Gold/cohort 评估副本和仅供该副本使用的助手,News 当前 price/market/notification 回归,本地相关套件已运行；独立 broker golden 2 项通过；完整 CI 尚待 PR
tracefold/news/market_review/review_storage.py::ReviewStorage._miss_text,364e0d9abdc5c1f2dcc27aa19c2bb0736b7fffaf,334-351,,RETIRE,News Gold,删除旧 Gold/cohort 评估副本和仅供该副本使用的助手,News 当前 price/market/notification 回归,本地相关套件已运行；独立 broker golden 2 项通过；完整 CI 尚待 PR
tracefold/news/market_review/review_storage.py::ReviewStorage._reaction_assets_for,364e0d9abdc5c1f2dcc27aa19c2bb0736b7fffaf,353-371,,RETIRE,News Gold,删除旧 Gold/cohort 评估副本和仅供该副本使用的助手,News 当前 price/market/notification 回归,本地相关套件已运行；独立 broker golden 2 项通过；完整 CI 尚待 PR
tracefold/news/market_review/review_storage.py::ReviewStorage._review_sections,364e0d9abdc5c1f2dcc27aa19c2bb0736b7fffaf,152-165,,RETIRE,News Gold,删除旧 Gold/cohort 评估副本和仅供该副本使用的助手,News 当前 price/market/notification 回归,本地相关套件已运行；独立 broker golden 2 项通过；完整 CI 尚待 PR
tracefold/news/market_review/review_storage.py::ReviewStorage.review,364e0d9abdc5c1f2dcc27aa19c2bb0736b7fffaf,103-150,,RETIRE,News Gold,删除旧 Gold/cohort 评估副本和仅供该副本使用的助手,News 当前 price/market/notification 回归,本地相关套件已运行；独立 broker golden 2 项通过；完整 CI 尚待 PR
tracefold/news/market_review/review_storage.py::ReviewStorage.review_statement,364e0d9abdc5c1f2dcc27aa19c2bb0736b7fffaf,168-249,,RETIRE,News Gold,删除旧 Gold/cohort 评估副本和仅供该副本使用的助手,News 当前 price/market/notification 回归,本地相关套件已运行；独立 broker golden 2 项通过；完整 CI 尚待 PR
tracefold/news/outcome.py::_handoff_expired,364e0d9abdc5c1f2dcc27aa19c2bb0736b7fffaf,458-464,,DELETE,News 读取,按 EventUpdate head、来源证据与实际回执读取；退役 rich Triage projection,News hermetic、PostgreSQL、API/CLI、OpenAPI 与浏览器,本地相关套件已运行；独立 broker golden 2 项通过；完整 CI 尚待 PR
tracefold/news/outcome.py::event_outcome,364e0d9abdc5c1f2dcc27aa19c2bb0736b7fffaf,314-424,296-327,REPLACE,News 读取,按 EventUpdate head、来源证据与实际回执读取；退役 rich Triage projection,News hermetic、PostgreSQL、API/CLI、OpenAPI 与浏览器,本地相关套件已运行；独立 broker golden 2 项通过；完整 CI 尚待 PR
tracefold/news/reader_card.py::_joined,364e0d9abdc5c1f2dcc27aa19c2bb0736b7fffaf,568-571,,DELETE,News 读取,按 EventUpdate head、来源证据与实际回执读取；退役 rich Triage projection,News hermetic、PostgreSQL、API/CLI、OpenAPI 与浏览器,本地相关套件已运行；独立 broker golden 2 项通过；完整 CI 尚待 PR
tracefold/news/review/desk.py::EventRubricSubmission.derive_explanation_supervision,364e0d9abdc5c1f2dcc27aa19c2bb0736b7fffaf,342-355,,DELETE,ReviewDesk,当前 dec.* 决策与外部反馈是唯一活入口；旧 evt.* 具名拒绝；SQL 过滤后分页,40+1 PostgreSQL 反例、Review CLI/合同与 query audit,本地相关套件已运行；独立 broker golden 2 项通过；完整 CI 尚待 PR
tracefold/news/review/desk.py::EventRubricSubmission.validate_rubric,364e0d9abdc5c1f2dcc27aa19c2bb0736b7fffaf,358-382,,DELETE,ReviewDesk,当前 dec.* 决策与外部反馈是唯一活入口；旧 evt.* 具名拒绝；SQL 过滤后分页,40+1 PostgreSQL 反例、Review CLI/合同与 query audit,本地相关套件已运行；独立 broker golden 2 项通过；完整 CI 尚待 PR
tracefold/news/review/desk.py::ExplanationCorrectionV1.distinct_error_types,364e0d9abdc5c1f2dcc27aa19c2bb0736b7fffaf,301-304,,DELETE,ReviewDesk,当前 dec.* 决策与外部反馈是唯一活入口；旧 evt.* 具名拒绝；SQL 过滤后分页,40+1 PostgreSQL 反例、Review CLI/合同与 query audit,本地相关套件已运行；独立 broker golden 2 项通过；完整 CI 尚待 PR
tracefold/news/review/desk.py::ExplanationCorrectionV1.non_empty_bounded_entries,364e0d9abdc5c1f2dcc27aa19c2bb0736b7fffaf,291-297,,DELETE,ReviewDesk,当前 dec.* 决策与外部反馈是唯一活入口；旧 evt.* 具名拒绝；SQL 过滤后分页,40+1 PostgreSQL 反例、Review CLI/合同与 query audit,本地相关套件已运行；独立 broker golden 2 项通过；完整 CI 尚待 PR
tracefold/news/review/desk.py::ExplanationCorrectionV1.states_something,364e0d9abdc5c1f2dcc27aa19c2bb0736b7fffaf,307-310,,DELETE,ReviewDesk,当前 dec.* 决策与外部反馈是唯一活入口；旧 evt.* 具名拒绝；SQL 过滤后分页,40+1 PostgreSQL 反例、Review CLI/合同与 query audit,本地相关套件已运行；独立 broker golden 2 项通过；完整 CI 尚待 PR
tracefold/news/review/desk.py::NoveltyJudgment.require_duplicate_for_restatement,364e0d9abdc5c1f2dcc27aa19c2bb0736b7fffaf,201-210,,DELETE,ReviewDesk,当前 dec.* 决策与外部反馈是唯一活入口；旧 evt.* 具名拒绝；SQL 过滤后分页,40+1 PostgreSQL 反例、Review CLI/合同与 query audit,本地相关套件已运行；独立 broker golden 2 项通过；完整 CI 尚待 PR
tracefold/news/review/desk.py::ReviewDesk._accepted_event_tasks,364e0d9abdc5c1f2dcc27aa19c2bb0736b7fffaf,1284-1299,,DELETE,ReviewDesk,当前 dec.* 决策与外部反馈是唯一活入口；旧 evt.* 具名拒绝；SQL 过滤后分页,40+1 PostgreSQL 反例、Review CLI/合同与 query audit,本地相关套件已运行；独立 broker golden 2 项通过；完整 CI 尚待 PR
tracefold/news/review/desk.py::ReviewDesk._active_agent_cohort_sha,364e0d9abdc5c1f2dcc27aa19c2bb0736b7fffaf,1301-1307,,DELETE,ReviewDesk,当前 dec.* 决策与外部反馈是唯一活入口；旧 evt.* 具名拒绝；SQL 过滤后分页,40+1 PostgreSQL 反例、Review CLI/合同与 query audit,本地相关套件已运行；独立 broker golden 2 项通过；完整 CI 尚待 PR
tracefold/news/review/desk.py::ReviewDesk._coverage,364e0d9abdc5c1f2dcc27aa19c2bb0736b7fffaf,1025-1108,,DELETE,ReviewDesk,当前 dec.* 决策与外部反馈是唯一活入口；旧 evt.* 具名拒绝；SQL 过滤后分页,40+1 PostgreSQL 反例、Review CLI/合同与 query audit,本地相关套件已运行；独立 broker golden 2 项通过；完整 CI 尚待 PR
tracefold/news/review/desk.py::ReviewDesk._decision_coverage,364e0d9abdc5c1f2dcc27aa19c2bb0736b7fffaf,846-871,400-413,REPLACE,ReviewDesk,当前 dec.* 决策与外部反馈是唯一活入口；旧 evt.* 具名拒绝；SQL 过滤后分页,40+1 PostgreSQL 反例、Review CLI/合同与 query audit,本地相关套件已运行；独立 broker golden 2 项通过；完整 CI 尚待 PR
tracefold/news/review/desk.py::ReviewDesk._decision_row,364e0d9abdc5c1f2dcc27aa19c2bb0736b7fffaf,763-769,312-315,REPLACE,ReviewDesk,当前 dec.* 决策与外部反馈是唯一活入口；旧 evt.* 具名拒绝；SQL 过滤后分页,40+1 PostgreSQL 反例、Review CLI/合同与 query audit,本地相关套件已运行；独立 broker golden 2 项通过；完整 CI 尚待 PR
tracefold/news/review/desk.py::ReviewDesk._duplicate_hints,364e0d9abdc5c1f2dcc27aa19c2bb0736b7fffaf,688-726,,DELETE,ReviewDesk,当前 dec.* 决策与外部反馈是唯一活入口；旧 evt.* 具名拒绝；SQL 过滤后分页,40+1 PostgreSQL 反例、Review CLI/合同与 query audit,本地相关套件已运行；独立 broker golden 2 项通过；完整 CI 尚待 PR
tracefold/news/review/desk.py::ReviewDesk._event_task,364e0d9abdc5c1f2dcc27aa19c2bb0736b7fffaf,1156-1159,,DELETE,ReviewDesk,当前 dec.* 决策与外部反馈是唯一活入口；旧 evt.* 具名拒绝；SQL 过滤后分页,40+1 PostgreSQL 反例、Review CLI/合同与 query audit,本地相关套件已运行；独立 broker golden 2 项通过；完整 CI 尚待 PR
tracefold/news/review/desk.py::ReviewDesk._latest_accepted,364e0d9abdc5c1f2dcc27aa19c2bb0736b7fffaf,1269-1282,,DELETE,ReviewDesk,当前 dec.* 决策与外部反馈是唯一活入口；旧 evt.* 具名拒绝；SQL 过滤后分页,40+1 PostgreSQL 反例、Review CLI/合同与 query audit,本地相关套件已运行；独立 broker golden 2 项通过；完整 CI 尚待 PR
tracefold/news/review/desk.py::ReviewDesk._market,364e0d9abdc5c1f2dcc27aa19c2bb0736b7fffaf,1110-1126,,DELETE,ReviewDesk,当前 dec.* 决策与外部反馈是唯一活入口；旧 evt.* 具名拒绝；SQL 过滤后分页,40+1 PostgreSQL 反例、Review CLI/合同与 query audit,本地相关套件已运行；独立 broker golden 2 项通过；完整 CI 尚待 PR
tracefold/news/review/desk.py::ReviewDesk._market_cohort,364e0d9abdc5c1f2dcc27aa19c2bb0736b7fffaf,1128-1154,,DELETE,ReviewDesk,当前 dec.* 决策与外部反馈是唯一活入口；旧 evt.* 具名拒绝；SQL 过滤后分页,40+1 PostgreSQL 反例、Review CLI/合同与 query audit,本地相关套件已运行；独立 broker golden 2 项通过；完整 CI 尚待 PR
tracefold/news/review/desk.py::ReviewDesk._open_decision_queue,364e0d9abdc5c1f2dcc27aa19c2bb0736b7fffaf,781-844,327-398,REPLACE,ReviewDesk,当前 dec.* 决策与外部反馈是唯一活入口；旧 evt.* 具名拒绝；SQL 过滤后分页,40+1 PostgreSQL 反例、Review CLI/合同与 query audit,本地相关套件已运行；独立 broker golden 2 项通过；完整 CI 尚待 PR
tracefold/news/review/desk.py::ReviewDesk._open_queue,364e0d9abdc5c1f2dcc27aa19c2bb0736b7fffaf,946-1008,,DELETE,ReviewDesk,当前 dec.* 决策与外部反馈是唯一活入口；旧 evt.* 具名拒绝；SQL 过滤后分页,40+1 PostgreSQL 反例、Review CLI/合同与 query audit,本地相关套件已运行；独立 broker golden 2 项通过；完整 CI 尚待 PR
tracefold/news/review/desk.py::ReviewDesk._queue_response,364e0d9abdc5c1f2dcc27aa19c2bb0736b7fffaf,1010-1023,,DELETE,ReviewDesk,当前 dec.* 决策与外部反馈是唯一活入口；旧 evt.* 具名拒绝；SQL 过滤后分页,40+1 PostgreSQL 反例、Review CLI/合同与 query audit,本地相关套件已运行；独立 broker golden 2 项通过；完整 CI 尚待 PR
tracefold/news/review/desk.py::ReviewDesk.evidence,364e0d9abdc5c1f2dcc27aa19c2bb0736b7fffaf,609-686,260-285,REPLACE,ReviewDesk,当前 dec.* 决策与外部反馈是唯一活入口；旧 evt.* 具名拒绝；SQL 过滤后分页,40+1 PostgreSQL 反例、Review CLI/合同与 query audit,本地相关套件已运行；独立 broker golden 2 项通过；完整 CI 尚待 PR
tracefold/news/review/desk.py::ReviewDesk.open,364e0d9abdc5c1f2dcc27aa19c2bb0736b7fffaf,599-607,252-258,REPLACE,ReviewDesk,当前 dec.* 决策与外部反馈是唯一活入口；旧 evt.* 具名拒绝；SQL 过滤后分页,40+1 PostgreSQL 反例、Review CLI/合同与 query audit,本地相关套件已运行；独立 broker golden 2 项通过；完整 CI 尚待 PR
tracefold/news/review/desk.py::ReviewDesk.submit,364e0d9abdc5c1f2dcc27aa19c2bb0736b7fffaf,728-761,287-310,REPLACE,ReviewDesk,当前 dec.* 决策与外部反馈是唯一活入口；旧 evt.* 具名拒绝；SQL 过滤后分页,40+1 PostgreSQL 反例、Review CLI/合同与 query audit,本地相关套件已运行；独立 broker golden 2 项通过；完整 CI 尚待 PR
tracefold/news/review/desk.py::_acted_fact_kind,364e0d9abdc5c1f2dcc27aa19c2bb0736b7fffaf,1495-1499,,DELETE,ReviewDesk,当前 dec.* 决策与外部反馈是唯一活入口；旧 evt.* 具名拒绝；SQL 过滤后分页,40+1 PostgreSQL 反例、Review CLI/合同与 query audit,本地相关套件已运行；独立 broker golden 2 项通过；完整 CI 尚待 PR
tracefold/news/review/desk.py::_active_agent_statement,364e0d9abdc5c1f2dcc27aa19c2bb0736b7fffaf,512-517,,DELETE,ReviewDesk,当前 dec.* 决策与外部反馈是唯一活入口；旧 evt.* 具名拒绝；SQL 过滤后分页,40+1 PostgreSQL 反例、Review CLI/合同与 query audit,本地相关套件已运行；独立 broker golden 2 项通过；完整 CI 尚待 PR
tracefold/news/review/desk.py::_agent_identity,364e0d9abdc5c1f2dcc27aa19c2bb0736b7fffaf,1651-1670,,DELETE,ReviewDesk,当前 dec.* 决策与外部反馈是唯一活入口；旧 evt.* 具名拒绝；SQL 过滤后分页,40+1 PostgreSQL 反例、Review CLI/合同与 query audit,本地相关套件已运行；独立 broker golden 2 项通过；完整 CI 尚待 PR
tracefold/news/review/desk.py::_cohort,364e0d9abdc5c1f2dcc27aa19c2bb0736b7fffaf,1641-1648,,DELETE,ReviewDesk,当前 dec.* 决策与外部反馈是唯一活入口；旧 evt.* 具名拒绝；SQL 过滤后分页,40+1 PostgreSQL 反例、Review CLI/合同与 query audit,本地相关套件已运行；独立 broker golden 2 项通过；完整 CI 尚待 PR
tracefold/news/review/desk.py::_collapse_whitespace,364e0d9abdc5c1f2dcc27aa19c2bb0736b7fffaf,1596-1597,,DELETE,ReviewDesk,当前 dec.* 决策与外部反馈是唯一活入口；旧 evt.* 具名拒绝；SQL 过滤后分页,40+1 PostgreSQL 反例、Review CLI/合同与 query audit,本地相关套件已运行；独立 broker golden 2 项通过；完整 CI 尚待 PR
tracefold/news/review/desk.py::_comparison_title,364e0d9abdc5c1f2dcc27aa19c2bb0736b7fffaf,1688-1693,,DELETE,ReviewDesk,当前 dec.* 决策与外部反馈是唯一活入口；旧 evt.* 具名拒绝；SQL 过滤后分页,40+1 PostgreSQL 反例、Review CLI/合同与 query audit,本地相关套件已运行；独立 broker golden 2 项通过；完整 CI 尚待 PR
tracefold/news/review/desk.py::_coverage_statement,364e0d9abdc5c1f2dcc27aa19c2bb0736b7fffaf,491-509,,DELETE,ReviewDesk,当前 dec.* 决策与外部反馈是唯一活入口；旧 evt.* 具名拒绝；SQL 过滤后分页,40+1 PostgreSQL 反例、Review CLI/合同与 query audit,本地相关套件已运行；独立 broker golden 2 项通过；完整 CI 尚待 PR
tracefold/news/review/desk.py::_decision_coverage_statement,364e0d9abdc5c1f2dcc27aa19c2bb0736b7fffaf,,218-233,ADD,ReviewDesk,当前 dec.* 决策与外部反馈是唯一活入口；旧 evt.* 具名拒绝；SQL 过滤后分页,40+1 PostgreSQL 反例、Review CLI/合同与 query audit,本地相关套件已运行；独立 broker golden 2 项通过；完整 CI 尚待 PR
tracefold/news/review/desk.py::_decision_evidence_statement,364e0d9abdc5c1f2dcc27aa19c2bb0736b7fffaf,,236-242,ADD,ReviewDesk,当前 dec.* 决策与外部反馈是唯一活入口；旧 evt.* 具名拒绝；SQL 过滤后分页,40+1 PostgreSQL 反例、Review CLI/合同与 query audit,本地相关套件已运行；独立 broker golden 2 项通过；完整 CI 尚待 PR
tracefold/news/review/desk.py::_decision_queue_statement,364e0d9abdc5c1f2dcc27aa19c2bb0736b7fffaf,,163-215,ADD,ReviewDesk,当前 dec.* 决策与外部反馈是唯一活入口；旧 evt.* 具名拒绝；SQL 过滤后分页,40+1 PostgreSQL 反例、Review CLI/合同与 query audit,本地相关套件已运行；独立 broker golden 2 项通过；完整 CI 尚待 PR
tracefold/news/review/desk.py::_decode_cursor,364e0d9abdc5c1f2dcc27aa19c2bb0736b7fffaf,1712-1723,,DELETE,ReviewDesk,当前 dec.* 决策与外部反馈是唯一活入口；旧 evt.* 具名拒绝；SQL 过滤后分页,40+1 PostgreSQL 反例、Review CLI/合同与 query audit,本地相关套件已运行；独立 broker golden 2 项通过；完整 CI 尚待 PR
tracefold/news/review/desk.py::_derive_owner,364e0d9abdc5c1f2dcc27aa19c2bb0736b7fffaf,1561-1569,,DELETE,ReviewDesk,当前 dec.* 决策与外部反馈是唯一活入口；旧 evt.* 具名拒绝；SQL 过滤后分页,40+1 PostgreSQL 反例、Review CLI/合同与 query audit,本地相关套件已运行；独立 broker golden 2 项通过；完整 CI 尚待 PR
tracefold/news/review/desk.py::_encode_cursor,364e0d9abdc5c1f2dcc27aa19c2bb0736b7fffaf,1707-1709,,DELETE,ReviewDesk,当前 dec.* 决策与外部反馈是唯一活入口；旧 evt.* 具名拒绝；SQL 过滤后分页,40+1 PostgreSQL 反例、Review CLI/合同与 query audit,本地相关套件已运行；独立 broker golden 2 项通过；完整 CI 尚待 PR
tracefold/news/review/desk.py::_event_queue_statement,364e0d9abdc5c1f2dcc27aa19c2bb0736b7fffaf,427-467,,DELETE,ReviewDesk,当前 dec.* 决策与外部反馈是唯一活入口；旧 evt.* 具名拒绝；SQL 过滤后分页,40+1 PostgreSQL 反例、Review CLI/合同与 query audit,本地相关套件已运行；独立 broker golden 2 项通过；完整 CI 尚待 PR
tracefold/news/review/desk.py::_event_task_statement,364e0d9abdc5c1f2dcc27aa19c2bb0736b7fffaf,470-481,,DELETE,ReviewDesk,当前 dec.* 决策与外部反馈是唯一活入口；旧 evt.* 具名拒绝；SQL 过滤后分页,40+1 PostgreSQL 反例、Review CLI/合同与 query audit,本地相关套件已运行；独立 broker golden 2 项通过；完整 CI 尚待 PR
tracefold/news/review/desk.py::_evidence_text,364e0d9abdc5c1f2dcc27aa19c2bb0736b7fffaf,1572-1593,,DELETE,ReviewDesk,当前 dec.* 决策与外部反馈是唯一活入口；旧 evt.* 具名拒绝；SQL 过滤后分页,40+1 PostgreSQL 反例、Review CLI/合同与 query audit,本地相关套件已运行；独立 broker golden 2 项通过；完整 CI 尚待 PR
tracefold/news/review/desk.py::_is_sha256,364e0d9abdc5c1f2dcc27aa19c2bb0736b7fffaf,1673-1674,,DELETE,ReviewDesk,当前 dec.* 决策与外部反馈是唯一活入口；旧 evt.* 具名拒绝；SQL 过滤后分页,40+1 PostgreSQL 反例、Review CLI/合同与 query audit,本地相关套件已运行；独立 broker golden 2 项通过；完整 CI 尚待 PR
tracefold/news/review/desk.py::_parse_agent_cohort_sha,364e0d9abdc5c1f2dcc27aa19c2bb0736b7fffaf,1681-1685,,DELETE,ReviewDesk,当前 dec.* 决策与外部反馈是唯一活入口；旧 evt.* 具名拒绝；SQL 过滤后分页,40+1 PostgreSQL 反例、Review CLI/合同与 query audit,本地相关套件已运行；独立 broker golden 2 项通过；完整 CI 尚待 PR
tracefold/news/review/desk.py::_parse_event_task_id,364e0d9abdc5c1f2dcc27aa19c2bb0736b7fffaf,1696-1704,,DELETE,ReviewDesk,当前 dec.* 决策与外部反馈是唯一活入口；旧 evt.* 具名拒绝；SQL 过滤后分页,40+1 PostgreSQL 反例、Review CLI/合同与 query audit,本地相关套件已运行；独立 broker golden 2 项通过；完整 CI 尚待 PR
tracefold/news/review/desk.py::_pct,364e0d9abdc5c1f2dcc27aa19c2bb0736b7fffaf,1741-1742,,DELETE,ReviewDesk,当前 dec.* 决策与外部反馈是唯一活入口；旧 evt.* 具名拒绝；SQL 过滤后分页,40+1 PostgreSQL 反例、Review CLI/合同与 query audit,本地相关套件已运行；独立 broker golden 2 项通过；完整 CI 尚待 PR
tracefold/news/review/desk.py::_receipt_public,364e0d9abdc5c1f2dcc27aa19c2bb0736b7fffaf,1440-1455,,DELETE,ReviewDesk,当前 dec.* 决策与外部反馈是唯一活入口；旧 evt.* 具名拒绝；SQL 过滤后分页,40+1 PostgreSQL 反例、Review CLI/合同与 query audit,本地相关套件已运行；独立 broker golden 2 项通过；完整 CI 尚待 PR
tracefold/news/review/desk.py::_require_grounded_source_spans,364e0d9abdc5c1f2dcc27aa19c2bb0736b7fffaf,1600-1616,,DELETE,ReviewDesk,当前 dec.* 决策与外部反馈是唯一活入口；旧 evt.* 具名拒绝；SQL 过滤后分页,40+1 PostgreSQL 反例、Review CLI/合同与 query audit,本地相关套件已运行；独立 broker golden 2 项通过；完整 CI 尚待 PR
tracefold/news/review/desk.py::_review_decision_zh,364e0d9abdc5c1f2dcc27aa19c2bb0736b7fffaf,1677-1678,,DELETE,ReviewDesk,当前 dec.* 决策与外部反馈是唯一活入口；旧 evt.* 具名拒绝；SQL 过滤后分页,40+1 PostgreSQL 反例、Review CLI/合同与 query audit,本地相关套件已运行；独立 broker golden 2 项通过；完整 CI 尚待 PR
tracefold/news/review/desk.py::_review_public,364e0d9abdc5c1f2dcc27aa19c2bb0736b7fffaf,1619-1638,,DELETE,ReviewDesk,当前 dec.* 决策与外部反馈是唯一活入口；旧 evt.* 具名拒绝；SQL 过滤后分页,40+1 PostgreSQL 反例、Review CLI/合同与 query audit,本地相关套件已运行；独立 broker golden 2 项通过；完整 CI 尚待 PR
tracefold/news/review/desk.py::_rubric_contract,364e0d9abdc5c1f2dcc27aa19c2bb0736b7fffaf,1458-1492,,DELETE,ReviewDesk,当前 dec.* 决策与外部反馈是唯一活入口；旧 evt.* 具名拒绝；SQL 过滤后分页,40+1 PostgreSQL 反例、Review CLI/合同与 query audit,本地相关套件已运行；独立 broker golden 2 项通过；完整 CI 尚待 PR
tracefold/news/review/desk.py::_sampler_selected,364e0d9abdc5c1f2dcc27aa19c2bb0736b7fffaf,1759-1774,,DELETE,ReviewDesk,当前 dec.* 决策与外部反馈是唯一活入口；旧 evt.* 具名拒绝；SQL 过滤后分页,40+1 PostgreSQL 反例、Review CLI/合同与 query audit,本地相关套件已运行；独立 broker golden 2 项通过；完整 CI 尚待 PR
tracefold/news/review/desk.py::_selection,364e0d9abdc5c1f2dcc27aa19c2bb0736b7fffaf,1374-1408,,DELETE,ReviewDesk,当前 dec.* 决策与外部反馈是唯一活入口；旧 evt.* 具名拒绝；SQL 过滤后分页,40+1 PostgreSQL 反例、Review CLI/合同与 query audit,本地相关套件已运行；独立 broker golden 2 项通过；完整 CI 尚待 PR
tracefold/news/review/desk.py::_task_public,364e0d9abdc5c1f2dcc27aa19c2bb0736b7fffaf,1411-1437,,DELETE,ReviewDesk,当前 dec.* 决策与外部反馈是唯一活入口；旧 evt.* 具名拒绝；SQL 过滤后分页,40+1 PostgreSQL 反例、Review CLI/合同与 query audit,本地相关套件已运行；独立 broker golden 2 项通过；完整 CI 尚待 PR
tracefold/news/review/desk.py::_verifier_flags,364e0d9abdc5c1f2dcc27aa19c2bb0736b7fffaf,1502-1558,,DELETE,ReviewDesk,当前 dec.* 决策与外部反馈是唯一活入口；旧 evt.* 具名拒绝；SQL 过滤后分页,40+1 PostgreSQL 反例、Review CLI/合同与 query audit,本地相关套件已运行；独立 broker golden 2 项通过；完整 CI 尚待 PR
tracefold/news/review/desk.py::_virtual_task,364e0d9abdc5c1f2dcc27aa19c2bb0736b7fffaf,1321-1352,,DELETE,ReviewDesk,当前 dec.* 决策与外部反馈是唯一活入口；旧 evt.* 具名拒绝；SQL 过滤后分页,40+1 PostgreSQL 反例、Review CLI/合同与 query audit,本地相关套件已运行；独立 broker golden 2 项通过；完整 CI 尚待 PR
tracefold/news/review/desk.py::_wilson,364e0d9abdc5c1f2dcc27aa19c2bb0736b7fffaf,1745-1756,,DELETE,ReviewDesk,当前 dec.* 决策与外部反馈是唯一活入口；旧 evt.* 具名拒绝；SQL 过滤后分页,40+1 PostgreSQL 反例、Review CLI/合同与 query audit,本地相关套件已运行；独立 broker golden 2 项通过；完整 CI 尚待 PR
tracefold/news/review/desk.py::review_read_statements,364e0d9abdc5c1f2dcc27aa19c2bb0736b7fffaf,1777-1812,623-630,REPLACE,ReviewDesk,当前 dec.* 决策与外部反馈是唯一活入口；旧 evt.* 具名拒绝；SQL 过滤后分页,40+1 PostgreSQL 反例、Review CLI/合同与 query audit,本地相关套件已运行；独立 broker golden 2 项通过；完整 CI 尚待 PR
tracefold/news/review/desk.py::source_only_event_projection,364e0d9abdc5c1f2dcc27aa19c2bb0736b7fffaf,1355-1371,,DELETE,ReviewDesk,当前 dec.* 决策与外部反馈是唯一活入口；旧 evt.* 具名拒绝；SQL 过滤后分页,40+1 PostgreSQL 反例、Review CLI/合同与 query audit,本地相关套件已运行；独立 broker golden 2 项通过；完整 CI 尚待 PR
tracefold/news/storage/chain_tape.py::ChainTapeStorage.chain_tape_roster_version,364e0d9abdc5c1f2dcc27aa19c2bb0736b7fffaf,210-222,,DELETE,News 读取,按 EventUpdate head、来源证据与实际回执读取；退役 rich Triage projection,News hermetic、PostgreSQL、API/CLI、OpenAPI 与浏览器,本地相关套件已运行；独立 broker golden 2 项通过；完整 CI 尚待 PR
tracefold/news/storage/decisions.py::editorial_read_shape,364e0d9abdc5c1f2dcc27aa19c2bb0736b7fffaf,809-842,,DELETE,News 读取,按 EventUpdate head、来源证据与实际回执读取；退役 rich Triage projection,News hermetic、PostgreSQL、API/CLI、OpenAPI 与浏览器,本地相关套件已运行；独立 broker golden 2 项通过；完整 CI 尚待 PR
tracefold/news/storage/decisions.py::triage_verdict_read_shape,364e0d9abdc5c1f2dcc27aa19c2bb0736b7fffaf,795-806,,DELETE,News 读取,按 EventUpdate head、来源证据与实际回执读取；退役 rich Triage projection,News hermetic、PostgreSQL、API/CLI、OpenAPI 与浏览器,本地相关套件已运行；独立 broker golden 2 项通过；完整 CI 尚待 PR
tracefold/news/storage/events.py::EventStorage.latest_evidence_identity,364e0d9abdc5c1f2dcc27aa19c2bb0736b7fffaf,929-939,,DELETE,News 读取,按 EventUpdate head、来源证据与实际回执读取；退役 rich Triage projection,News hermetic、PostgreSQL、API/CLI、OpenAPI 与浏览器,本地相关套件已运行；独立 broker golden 2 项通过；完整 CI 尚待 PR
tracefold/news/storage/events.py::EventStorage.set_context_line,364e0d9abdc5c1f2dcc27aa19c2bb0736b7fffaf,774-779,,DELETE,News 读取,按 EventUpdate head、来源证据与实际回执读取；退役 rich Triage projection,News hermetic、PostgreSQL、API/CLI、OpenAPI 与浏览器,本地相关套件已运行；独立 broker golden 2 项通过；完整 CI 尚待 PR
tracefold/news/storage/events.py::EventStorage.set_storyline_key,364e0d9abdc5c1f2dcc27aa19c2bb0736b7fffaf,766-772,,DELETE,News 读取,按 EventUpdate head、来源证据与实际回执读取；退役 rich Triage projection,News hermetic、PostgreSQL、API/CLI、OpenAPI 与浏览器,本地相关套件已运行；独立 broker golden 2 项通过；完整 CI 尚待 PR
tracefold/news/storage/evidence.py::EvidenceStorage.evidence_member_metadata,364e0d9abdc5c1f2dcc27aa19c2bb0736b7fffaf,131-141,,DELETE,News 读取,按 EventUpdate head、来源证据与实际回执读取；退役 rich Triage projection,News hermetic、PostgreSQL、API/CLI、OpenAPI 与浏览器,本地相关套件已运行；独立 broker golden 2 项通过；完整 CI 尚待 PR
tracefold/news/storage/feed.py::FeedStorage._feed_counts,364e0d9abdc5c1f2dcc27aa19c2bb0736b7fffaf,166-178,142-154,REPLACE,News 读取,按 EventUpdate head、来源证据与实际回执读取；退役 rich Triage projection,News hermetic、PostgreSQL、API/CLI、OpenAPI 与浏览器,本地相关套件已运行；独立 broker golden 2 项通过；完整 CI 尚待 PR
tracefold/news/storage/feed.py::FeedStorage._feedback_summary,364e0d9abdc5c1f2dcc27aa19c2bb0736b7fffaf,,319-324,ADD,News 读取,按 EventUpdate head、来源证据与实际回执读取；退役 rich Triage projection,News hermetic、PostgreSQL、API/CLI、OpenAPI 与浏览器,本地相关套件已运行；独立 broker golden 2 项通过；完整 CI 尚待 PR
tracefold/news/storage/feed.py::FeedStorage._funnel_24h,364e0d9abdc5c1f2dcc27aa19c2bb0736b7fffaf,575-661,464-498,REPLACE,News 读取,按 EventUpdate head、来源证据与实际回执读取；退役 rich Triage projection,News hermetic、PostgreSQL、API/CLI、OpenAPI 与浏览器,本地相关套件已运行；独立 broker golden 2 项通过；完整 CI 尚待 PR
tracefold/news/storage/feed.py::FeedStorage._review_summary,364e0d9abdc5c1f2dcc27aa19c2bb0736b7fffaf,383-435,,DELETE,News 读取,按 EventUpdate head、来源证据与实际回执读取；退役 rich Triage projection,News hermetic、PostgreSQL、API/CLI、OpenAPI 与浏览器,本地相关套件已运行；独立 broker golden 2 项通过；完整 CI 尚待 PR
tracefold/news/storage/feed.py::FeedStorage._source_contracts_24h,364e0d9abdc5c1f2dcc27aa19c2bb0736b7fffaf,437-459,326-348,REPLACE,News 读取,按 EventUpdate head、来源证据与实际回执读取；退役 rich Triage projection,News hermetic、PostgreSQL、API/CLI、OpenAPI 与浏览器,本地相关套件已运行；独立 broker golden 2 项通过；完整 CI 尚待 PR
tracefold/news/storage/feed.py::FeedStorage.event_detail,364e0d9abdc5c1f2dcc27aa19c2bb0736b7fffaf,223-381,199-317,REPLACE,News 读取,按 EventUpdate head、来源证据与实际回执读取；退役 rich Triage projection,News hermetic、PostgreSQL、API/CLI、OpenAPI 与浏览器,本地相关套件已运行；独立 broker golden 2 项通过；完整 CI 尚待 PR
tracefold/news/storage/feed.py::FeedStorage.list_feed,364e0d9abdc5c1f2dcc27aa19c2bb0736b7fffaf,71-164,60-140,REPLACE,News 读取,按 EventUpdate head、来源证据与实际回执读取；退役 rich Triage projection,News hermetic、PostgreSQL、API/CLI、OpenAPI 与浏览器,本地相关套件已运行；独立 broker golden 2 项通过；完整 CI 尚待 PR
tracefold/news/storage/feed.py::_feed_row,364e0d9abdc5c1f2dcc27aa19c2bb0736b7fffaf,797-874,548-602,REPLACE,News 读取,按 EventUpdate head、来源证据与实际回执读取；退役 rich Triage projection,News hermetic、PostgreSQL、API/CLI、OpenAPI 与浏览器,本地相关套件已运行；独立 broker golden 2 项通过；完整 CI 尚待 PR
tracefold/news/storage/feed.py::_legacy_taxonomy,364e0d9abdc5c1f2dcc27aa19c2bb0736b7fffaf,920-933,,DELETE,News 读取,按 EventUpdate head、来源证据与实际回执读取；退役 rich Triage projection,News hermetic、PostgreSQL、API/CLI、OpenAPI 与浏览器,本地相关套件已运行；独立 broker golden 2 项通过；完整 CI 尚待 PR
tracefold/news/storage/feed.py::_legacy_verdict,364e0d9abdc5c1f2dcc27aa19c2bb0736b7fffaf,711-772,,DELETE,News 读取,按 EventUpdate head、来源证据与实际回执读取；退役 rich Triage projection,News hermetic、PostgreSQL、API/CLI、OpenAPI 与浏览器,本地相关套件已运行；独立 broker golden 2 项通过；完整 CI 尚待 PR
tracefold/news/storage/feed.py::_optional_text,364e0d9abdc5c1f2dcc27aa19c2bb0736b7fffaf,936-937,,DELETE,News 读取,按 EventUpdate head、来源证据与实际回执读取；退役 rich Triage projection,News hermetic、PostgreSQL、API/CLI、OpenAPI 与浏览器,本地相关套件已运行；独立 broker golden 2 项通过；完整 CI 尚待 PR
tracefold/news/storage/feed.py::_triage_assets,364e0d9abdc5c1f2dcc27aa19c2bb0736b7fffaf,775-794,,DELETE,News 读取,按 EventUpdate head、来源证据与实际回执读取；退役 rich Triage projection,News hermetic、PostgreSQL、API/CLI、OpenAPI 与浏览器,本地相关套件已运行；独立 broker golden 2 项通过；完整 CI 尚待 PR
tracefold/news/storage/feed.py::_verdict_public,364e0d9abdc5c1f2dcc27aa19c2bb0736b7fffaf,877-917,,DELETE,News 读取,按 EventUpdate head、来源证据与实际回执读取；退役 rich Triage projection,News hermetic、PostgreSQL、API/CLI、OpenAPI 与浏览器,本地相关套件已运行；独立 broker golden 2 项通过；完整 CI 尚待 PR
tracefold/news/storage/feed_sql.py::_feed_joins_sql,364e0d9abdc5c1f2dcc27aa19c2bb0736b7fffaf,429-463,324-349,REPLACE,News 读取,按 EventUpdate head、来源证据与实际回执读取；退役 rich Triage projection,News hermetic、PostgreSQL、API/CLI、OpenAPI 与浏览器,本地相关套件已运行；独立 broker golden 2 项通过；完整 CI 尚待 PR
tracefold/news/storage/feed_sql.py::feed_counts_sql,364e0d9abdc5c1f2dcc27aa19c2bb0736b7fffaf,521-533,402-413,REPLACE,News 读取,按 EventUpdate head、来源证据与实际回执读取；退役 rich Triage projection,News hermetic、PostgreSQL、API/CLI、OpenAPI 与浏览器,本地相关套件已运行；独立 broker golden 2 项通过；完整 CI 尚待 PR
tracefold/news/storage/feed_sql.py::feed_page_sql,364e0d9abdc5c1f2dcc27aa19c2bb0736b7fffaf,466-518,352-399,REPLACE,News 读取,按 EventUpdate head、来源证据与实际回执读取；退役 rich Triage projection,News hermetic、PostgreSQL、API/CLI、OpenAPI 与浏览器,本地相关套件已运行；独立 broker golden 2 项通过；完整 CI 尚待 PR
tracefold/news/storage/query_specs.py::news_query_specs,364e0d9abdc5c1f2dcc27aa19c2bb0736b7fffaf,90-711,91-713,REPLACE,News 读取,按 EventUpdate head、来源证据与实际回执读取；退役 rich Triage projection,News hermetic、PostgreSQL、API/CLI、OpenAPI 与浏览器,本地相关套件已运行；独立 broker golden 2 项通过；完整 CI 尚待 PR
tracefold/news/timeline.py::_decision_inputs,364e0d9abdc5c1f2dcc27aa19c2bb0736b7fffaf,97-103,,DELETE,News 读取,按 EventUpdate head、来源证据与实际回执读取；退役 rich Triage projection,News hermetic、PostgreSQL、API/CLI、OpenAPI 与浏览器,本地相关套件已运行；独立 broker golden 2 项通过；完整 CI 尚待 PR
tracefold/news/timeline.py::_latest_triage,364e0d9abdc5c1f2dcc27aa19c2bb0736b7fffaf,33-35,,DELETE,News 读取,按 EventUpdate head、来源证据与实际回执读取；退役 rich Triage projection,News hermetic、PostgreSQL、API/CLI、OpenAPI 与浏览器,本地相关套件已运行；独立 broker golden 2 项通过；完整 CI 尚待 PR
tracefold/news/timeline.py::_restatement_reason,364e0d9abdc5c1f2dcc27aa19c2bb0736b7fffaf,81-89,,DELETE,News 读取,按 EventUpdate head、来源证据与实际回执读取；退役 rich Triage projection,News hermetic、PostgreSQL、API/CLI、OpenAPI 与浏览器,本地相关套件已运行；独立 broker golden 2 项通过；完整 CI 尚待 PR
tracefold/news/timeline.py::_seen_summary,364e0d9abdc5c1f2dcc27aa19c2bb0736b7fffaf,92-94,,DELETE,News 读取,按 EventUpdate head、来源证据与实际回执读取；退役 rich Triage projection,News hermetic、PostgreSQL、API/CLI、OpenAPI 与浏览器,本地相关套件已运行；独立 broker golden 2 项通过；完整 CI 尚待 PR
tracefold/news/timeline.py::event_timeline,364e0d9abdc5c1f2dcc27aa19c2bb0736b7fffaf,106-326,48-168,REPLACE,News 读取,按 EventUpdate head、来源证据与实际回执读取；退役 rich Triage projection,News hermetic、PostgreSQL、API/CLI、OpenAPI 与浏览器,本地相关套件已运行；独立 broker golden 2 项通过；完整 CI 尚待 PR
tracefold/news/timeline.py::restated_card,364e0d9abdc5c1f2dcc27aa19c2bb0736b7fffaf,59-78,,DELETE,News 读取,按 EventUpdate head、来源证据与实际回执读取；退役 rich Triage projection,News hermetic、PostgreSQL、API/CLI、OpenAPI 与浏览器,本地相关套件已运行；独立 broker golden 2 项通过；完整 CI 尚待 PR
tracefold/platform/postgres/audit.py::PostgresOperationalAudit.run,364e0d9abdc5c1f2dcc27aa19c2bb0736b7fffaf,197-237,200-240,REPLACE,历史数据库,历史表仍留在物理 schema；运行依赖和当前审计分开,PostgreSQL schema/audit/生成文档 14 项,本地相关套件已运行；独立 broker golden 2 项通过；完整 CI 尚待 PR
tracefold/platform/postgres/json_safety.py::postgres_safe_json,364e0d9abdc5c1f2dcc27aa19c2bb0736b7fffaf,8-19,,DELETE,历史数据库,历史表仍留在物理 schema；运行依赖和当前审计分开,PostgreSQL schema/audit/生成文档 14 项,本地相关套件已运行；独立 broker golden 2 项通过；完整 CI 尚待 PR
tracefold/platform/postgres/json_safety.py::postgres_safe_text,364e0d9abdc5c1f2dcc27aa19c2bb0736b7fffaf,22-23,,DELETE,历史数据库,历史表仍留在物理 schema；运行依赖和当前审计分开,PostgreSQL schema/audit/生成文档 14 项,本地相关套件已运行；独立 broker golden 2 项通过；完整 CI 尚待 PR
tracefold/platform/resource.py::ResourceSubmissionTracker.__init__,364e0d9abdc5c1f2dcc27aa19c2bb0736b7fffaf,72-73,,DELETE,资源排空,共用平台 drain；future 物理完成前不释放许可,worker drain 与取消回归、hermetic,本地相关套件已运行；独立 broker golden 2 项通过；完整 CI 尚待 PR
tracefold/platform/resource.py::ResourceSubmissionTracker._mark_submitted,364e0d9abdc5c1f2dcc27aa19c2bb0736b7fffaf,94-95,,DELETE,资源排空,共用平台 drain；future 物理完成前不释放许可,worker drain 与取消回归、hermetic,本地相关套件已运行；独立 broker golden 2 项通过；完整 CI 尚待 PR
tracefold/platform/resource.py::ResourceSubmissionTracker.run,364e0d9abdc5c1f2dcc27aa19c2bb0736b7fffaf,79-92,,DELETE,资源排空,共用平台 drain；future 物理完成前不释放许可,worker drain 与取消回归、hermetic,本地相关套件已运行；独立 broker golden 2 项通过；完整 CI 尚待 PR
tracefold/platform/resource.py::ResourceSubmissionTracker.submitted,364e0d9abdc5c1f2dcc27aa19c2bb0736b7fffaf,76-77,,DELETE,资源排空,共用平台 drain；future 物理完成前不释放许可,worker drain 与取消回归、hermetic,本地相关套件已运行；独立 broker golden 2 项通过；完整 CI 尚待 PR
tracefold/platform/resource.py::drain_futures,364e0d9abdc5c1f2dcc27aa19c2bb0736b7fffaf,,68-74,ADD,资源排空,共用平台 drain；future 物理完成前不释放许可,worker drain 与取消回归、hermetic,本地相关套件已运行；独立 broker golden 2 项通过；完整 CI 尚待 PR
tracefold/trading/storage/analysis.py::AnalysisStorage.accept_trigger,364e0d9abdc5c1f2dcc27aa19c2bb0736b7fffaf,187-386,186-380,REPLACE,Trading Case,保留 Case 单一编排与持久结果；删除 root tape，提取纯组装并强制预算合同,Trading 32 项 PostgreSQL、相关 hermetic、mypy,本地相关套件已运行；独立 broker golden 2 项通过；完整 CI 尚待 PR
tracefold/trading/storage/analysis.py::AnalysisStorage.due_root_research_tapes,364e0d9abdc5c1f2dcc27aa19c2bb0736b7fffaf,474-487,,DELETE,Trading Case,保留 Case 单一编排与持久结果；删除 root tape，提取纯组装并强制预算合同,Trading 32 项 PostgreSQL、相关 hermetic、mypy,本地相关套件已运行；独立 broker golden 2 项通过；完整 CI 尚待 PR
tracefold/trading/storage/analysis.py::AnalysisStorage.queue_price_path_v2_corrections,364e0d9abdc5c1f2dcc27aa19c2bb0736b7fffaf,1319-1342,,DELETE,Trading Case,保留 Case 单一编排与持久结果；删除 root tape，提取纯组装并强制预算合同,Trading 32 项 PostgreSQL、相关 hermetic、mypy,本地相关套件已运行；独立 broker golden 2 项通过；完整 CI 尚待 PR
tracefold/trading/storage/analysis.py::AnalysisStorage.record_root_research_sample,364e0d9abdc5c1f2dcc27aa19c2bb0736b7fffaf,489-500,,DELETE,Trading Case,保留 Case 单一编排与持久结果；删除 root tape，提取纯组装并强制预算合同,Trading 32 项 PostgreSQL、相关 hermetic、mypy,本地相关套件已运行；独立 broker golden 2 项通过；完整 CI 尚待 PR
